customer_id,user_id,customer_name,customer_description,contact_info,address
0,14,David Russell,Hundred only many sport need common social.,001-467-489-6569x74203,"1679 Justin Green Apt. 945
Port Tammy, VI 22536"
1,15,Autumn Garcia,Heavy score police fund company place animal.,(222)526-3379x258,"87855 Sanchez Keys
Barneschester, FM 81051"
2,16,David Dunn,Parent protect floor protect bit set worry their.,713-334-8857x44823,"4733 Lisa Squares
South Jamesmouth, FM 79007"
3,17,David Sosa,Its trade whatever those for believe kind.,(204)650-0397,"642 Jay Parkway Apt. 632
Abigailmouth, WV 99160"
4,18,Derrick Peters,Same care various door position.,338.295.3580x3149,"044 Russell Lodge Suite 252
Smithbury, FM 39159"
5,19,Tanya Jackson,Plant night instead cell.,801-762-7658x0896,"97061 Reyes Stravenue Suite 802
Port Mary, NV 63022"
6,20,Robert Smith,Environment mean section social.,295.244.4260x367,"100 Shirley Manors Apt. 809
North Elijahburgh, IA 21981"
7,22,Nicholas Ortega,Discuss see left may two.,+1-419-487-4456,"4054 Elizabeth Streets
Randallton, MN 82966"
8,24,Donna Morrison,None evening summer single.,263.946.7373x903,"USCGC Brown
FPO AA 31002"
9,25,Seth Williams,Positive again rather deal yes wait.,725.496.3324x90907,"09755 Alexander Mews Apt. 451
Port Matthewfort, HI 65326"
10,27,Victor Perry,Strong policy cut read write wait race.,(653)930-3181x0467,"9835 Hines Pike
West Wendyside, MD 04310"
11,28,Justin Roth,Evidence against agree fast minute wonder enough.,6179638529,"675 Justin Stravenue Suite 219
Bryanshire, NH 84480"
12,30,Erica Foster,Month less image physical large beat.,458.858.3947,"52349 Susan Drive
East Sarah, CA 14660"
13,35,Jeffery Lewis,Any pick doctor notice allow arm spring operation.,(577)859-0421x67863,"3534 Jeffrey Inlet Apt. 813
East Vanessaside, WI 56945"
14,36,Mrs. Jaime Foster DDS,From never home want pattern single edge.,(353)667-2375x742,"3866 Jesus Orchard
New Christineport, AS 06232"
15,37,Peter Schultz,Return nature surface soldier gun.,759.341.0920x6459,"69644 Julie Brook
Debrahaven, AS 11439"
16,38,Brian Hughes,Since fact special force.,887-491-6573x97323,"339 Christopher Plaza
East Jackton, MD 18998"
17,40,Brandon Doyle,Knowledge election reality born series.,850.584.5143,"69632 Brown Keys Apt. 765
Johnsonborough, NH 39171"
18,41,Natalie Dougherty,Off there tree data factor treatment.,(861)956-9838x163,"2214 Jessica Fork Suite 093
Port Matthew, MS 30476"
19,46,Tyrone Lopez,Parent little TV firm.,724.756.0036x2786,"1024 Pratt Falls
South Alicia, HI 78547"
20,47,Walter Henry,Tend challenge out over address civil animal site.,(813)279-3198,"52343 Carla Mountain
South Matthew, WV 10853"
21,48,Henry Whitaker,Receive other it.,4094825150,"173 Baker Spurs Suite 285
East Brandon, FL 23624"
22,49,Devon Medina,Tend quality dog.,001-906-520-8355x13427,"PSC 9267, Box 6975
APO AA 95506"
23,51,Christina Mcdonald,Bring relationship others look item sport.,+1-861-705-7137x29315,"PSC 6999, Box 8134
APO AA 02168"
24,52,Angela Patterson,Billion throughout job street upon wide difficult.,7265721630,"USCGC Brown
FPO AE 65581"
25,58,Samantha Pruitt,Whose data image institution red toward standard.,516.529.5824,"33581 Henry View
Woodsland, KS 25411"
26,61,David Thomas,Wrong tell attorney receive.,277-284-5157x266,"410 Jason Station
East Shawnport, PW 93565"
27,62,Justin Barnett,Word staff research son share.,575.612.9411x442,"70720 Susan Radial
Kellyside, NH 35811"
28,67,Madison Hahn,Feeling party power there.,967.823.9267,"1027 Frye Club
Mooreshire, IN 13554"
29,70,Stephanie Brady,Last public least upon political.,544.471.6518,"4406 Robinson Passage
New Rachelbury, FM 63380"
30,71,Amanda Cohen,Cost young suggest break our discover who.,905.211.8653x28688,"6983 Christopher Lodge Apt. 156
Cindyton, NE 81128"
31,73,Samuel Young,Second late wonder interest attention modern that.,499.878.0088,"272 Lauren Port
East Rhondashire, WV 44449"
32,76,Erin Powell,Loss upon dark itself face grow enough.,+1-742-599-2740,"583 Kathleen Loaf
Lake Alicia, ME 03733"
33,77,John Mcdonald,Natural show fear product authority heavy gun.,(404)551-0246x1229,"74101 Green Brook
South Charlotte, WY 87370"
34,78,Katrina Guzman,Value cut teacher.,+1-573-624-9837,"29832 Cindy Terrace
Hallberg, NV 93977"
35,79,John Collins,Discover late fall TV require.,885.521.3687x98332,"03653 Griffin Path
Kaylaville, NV 54003"
36,80,Joseph Walker,Success huge soon matter change.,(205)921-9137,"68633 Elizabeth Turnpike
Laurenshire, TN 47217"
37,81,Jessica Marquez,Subject week region six read number.,(822)223-7973x81724,"22244 Clarke Club
East Cole, TN 71296"
38,86,Diane Fuentes,Line together similar people if story until.,355-273-8323,"USS Mejia
FPO AP 45156"
39,87,James Mccann,Message American open.,974-243-8034x6133,"8227 Richardson Locks Suite 513
Lake Cassandraborough, MA 46225"
40,92,Jacob Jones,Few year business field main.,5866989295,"746 Frank Stream Suite 696
East Michaelstad, VI 59710"
41,93,Michael Forbes,Then upon through.,8649453575,"272 Haley Drive
East Kimberly, CT 82078"
42,96,Brandon Greene,Street can sister travel information history example.,7007547639,"3484 Desiree Branch
Lynchside, IL 60648"
43,97,Lisa Black,Career pull dog nearly become collection section us.,(954)557-6415,"77866 Lamb Mount
Markchester, WI 08284"
44,105,Lisa Taylor,Ago decade change who western education hundred.,637-339-0093,"97367 Michelle Pass
New Jennifer, NC 62595"
45,107,Vicki Hester,Beat doctor many view.,(335)903-7172,"543 Jessica Pass
North James, SC 74723"
46,108,Mrs. Patricia Barnes,But event teach chance low.,+1-224-654-5600x954,"0016 Rebecca Plains
New Ronald, RI 20169"
47,110,Jennifer Harrison,Man different such peace when summer total develop.,001-824-394-1289x897,"47722 Edwin Fort
Lake Jamesmouth, SD 95681"
48,111,Gregg Foster,Respond address position character once soldier artist stay.,860.551.9688,"366 Christopher Drive
Allisonland, OR 90505"
49,112,Melissa Smith,School also them dark sound.,001-449-998-1031x78889,"554 Sara Cliff
Hartmouth, NY 17564"
50,115,Christopher Coleman,Total listen deal same art upon democratic.,+1-208-689-2694x553,"4077 Farrell Bypass
Lake Robertland, OK 25299"
51,116,Stephanie Martin,Over give each after high.,226.764.6007x80913,"3306 Davis Motorway Suite 683
Kevinhaven, NE 89279"
52,117,Adam Rush,Town magazine action focus really traditional report what.,6417909967,"97964 Alexandra Cape Apt. 598
Burnsview, OR 49867"
53,118,Amanda Smith,Wind explain top picture know society.,+1-614-951-2248x47275,"4096 James Prairie Suite 401
Whiteborough, CO 95026"
54,119,Brian Thomas,Dream year shake leg alone visit.,001-866-960-6843x97960,"83473 Holloway Fields Apt. 174
West Brenda, OH 06145"
55,121,Tammy Gonzalez,Tough cold individual culture quite nature.,(225)538-2287,"70078 Lisa Pines Suite 727
Velasquezchester, OH 75462"
56,123,Kevin Charles,Say seven stock candidate husband since information indicate.,346-653-1929x6150,"865 Leah Creek
Huntbury, ID 56612"
57,126,Jennifer Duncan,As base plan account finally participant.,707-900-7184x3677,"964 Meza Path Apt. 789
Lake Jessica, OK 69243"
58,128,Shannon Robinson,Cup design up focus.,(918)706-5691,"95939 Greene Drive
Lake Christina, NE 50597"
59,130,Charles Alvarado,Reach doctor instead bill available.,001-501-833-8217x298,"90963 Michele Motorway Apt. 920
Lake Richardmouth, AL 32192"
60,133,Charles Perry,Senior mean become possible law interview population.,001-404-931-0782x24033,"9233 Timothy Pass Suite 063
Gabrielport, IN 80743"
61,135,Nicole Salinas,Stuff box improve play.,001-784-643-5813x8021,"48719 Lori Creek
South Aprilville, KY 71917"
62,136,Stephanie Smith,Executive case charge.,783.283.2508x23641,"55884 White Glen
New Diane, IL 05628"
63,138,Joseph Archer,Point family which he.,757.953.4665,"037 Jennifer Common
Mcleanton, DC 43600"
64,139,Sandra Cannon,Type democratic structure media practice become far.,001-939-397-7969x240,"600 Ford Groves
New Larry, PR 89812"
65,140,Crystal Roberts,Common let car everybody.,848.730.5425,"29347 Brittany Street Suite 859
Jacobton, RI 52113"
66,141,Michael Mason,Detail money experience all resource test movement total.,+1-947-454-3833,"USNV Marshall
FPO AE 03578"
67,142,Rhonda King,Impact hit possible development now mother.,588.340.8793,"354 Joshua Knoll
Jeremyview, TN 01763"
68,143,Emily Shelton,Read activity sound relationship their employee half.,620.798.2012,"7354 Garcia Stravenue
Port Markshire, CA 15155"
69,148,Cheryl Walton,Imagine crime red voice save career character card.,(590)497-3958,"577 William Oval Suite 735
South Coreyberg, MH 77828"
70,149,Daniel Torres,Standard toward next bad.,932.591.5419x391,"2406 Watkins Crossing
Millerport, LA 56520"
71,154,Robert Berry,Need summer listen both.,+1-644-309-0070x9824,"852 Maurice Street
East Christineborough, PW 94681"
72,156,Holly Smith,Home gun side thousand your.,296.822.2620,"1242 Gina Lodge Suite 605
East Ariana, NC 29735"
73,157,Timothy Ray,Government society build magazine soldier bar.,+1-907-431-6353x43760,"071 Garrison Freeway Apt. 828
Ortegaview, VI 92357"
74,159,Kimberly Huerta,Project group land challenge.,703.591.9929x475,"PSC 9958, Box 3135
APO AE 05089"
75,161,Gary Carroll,Former sit simply sound decade risk.,+1-200-423-3872x255,"2044 Dennis Crescent Suite 945
Laurenmouth, PR 64763"
76,162,Robert Hughes,Since nearly commercial data southern.,318-777-3447x58534,"PSC 8745, Box 4775
APO AA 81042"
77,163,Jacob Newton,Tonight back discuss such safe specific remember.,001-343-903-3429x4714,"9381 Anthony Alley Apt. 282
South Andrealand, NJ 74159"
78,165,Lance Serrano,Business cover local song budget.,+1-291-305-7647x9197,"PSC 9016, Box 8868
APO AE 49954"
79,169,Alfred Meyer,Pretty woman than fire.,625.466.1669,"19930 Patel Stream
Karentown, LA 04884"
80,171,Robert Shaffer,Series feel name decision five offer political.,3225389423,"25264 Juan Gateway
Lake Renee, NC 58548"
81,172,Jenny Barajas,But clear many each reason all.,+1-857-584-9381x773,"899 Carter Ridges Apt. 428
West Christine, RI 11986"
82,175,Jeremy Gonzales,Few ground size listen some.,957-683-2212,"77297 Kelly Lake
Nataliechester, MT 37715"
83,178,Philip Holmes,Let two leader edge who hotel.,001-418-694-3811x3005,"43969 John Cape Apt. 726
Elizabethshire, AZ 68794"
84,179,Stacey Davis,Before citizen forward.,(793)222-8880x712,"0280 Susan Park
New Jennifer, WI 50203"
85,180,Melissa Collins,Financial economic not physical.,001-713-243-8176x13399,"21570 Elizabeth Well
Port Johnmouth, UT 36122"
86,182,Sean Kim,Would old kitchen ago out others know.,001-714-952-8917x5011,"PSC 9727, Box 7087
APO AE 84965"
87,183,Melissa Travis,Individual option past kind.,+1-857-210-3032x02551,"3808 Stewart Mews
South Lisa, DC 08228"
88,185,Peter Ferguson,Senior contain buy size then will.,8322247876,"61324 Melissa Mall Suite 497
South Lesliefort, ME 62420"
89,186,Daniel Wallace,Kid run agree relationship.,300-602-7915x33821,"892 Lewis Village Suite 940
Butlerville, SC 53056"
90,188,David Thompson,Blue candidate these.,(859)631-1689x460,"6590 Kristen Shores
East Debra, MH 18122"
91,190,Patrick Zavala,Save business force politics yourself decision.,+1-958-230-7119x2678,"400 Laurie Lodge
Davischester, AZ 15771"
92,194,Amy Lynch,Form visit suffer often past.,623-834-3886,"6289 Tiffany Island Apt. 489
Davischester, KY 60029"
93,196,Derek Bush,In say everything push manage push whether.,656-237-2636x698,"84565 Jenkins Isle Suite 760
North Anthonyside, ME 54165"
94,198,Jason Carroll,Myself season forget.,(938)242-9741x11279,"4529 Shawn Extensions
Port Sandraside, MI 16002"
95,200,Juan Hayes,Hair put beyond subject against professional rock.,+1-273-760-0417x6747,"5873 Green Key
Wilsonberg, NE 35847"
96,201,Chris Smith DDS,Treatment apply board last recent thank painting.,+1-475-847-4285,"259 Chang Motorway Apt. 951
Newmanborough, MH 75903"
97,203,Marie Matthews,Family own former phone kind room.,265-281-7036x0993,"12141 Kimberly Light
Port Jade, OR 66142"
98,204,Jonathan Walters,Themselves tell think forget coach.,(943)536-1866x4358,"1842 Moore Drive Apt. 823
New Daniel, IL 59324"
99,205,Emily Boyd,Begin partner once fine.,(410)937-2184x34857,"40790 Matthew Dale
Reyesview, MH 86681"
100,207,Jason Thomas,Brother mission think mean kid pull person find.,(777)636-9873x050,"22434 Shelton Curve Apt. 540
North Cody, IN 10989"
101,210,Melissa Reynolds,Kitchen enough guy though foot speak father.,+1-612-556-4572x9843,"107 Robert Burgs
Patriciabury, CA 58728"
102,211,Nathan Williams,Activity oil remember apply impact heavy represent investment.,827-382-5580x3521,"7489 Oconnor Squares Suite 471
Fordfort, FL 37001"
103,212,Brenda Parsons,Same charge morning.,+1-725-208-0793x3948,"4433 Eaton Glens
East Johnton, NV 74667"
104,213,Mary Mayer,Professional computer work teacher indicate beautiful itself really.,001-896-899-2750x3590,"31762 Clark Falls Apt. 835
New Sean, CA 26932"
105,214,Shannon Evans,Seek staff involve.,836-945-3327x055,"USNS Chang
FPO AA 03252"
106,215,Martha Smith,Scene wind give peace that.,450-999-3749,"00524 Morgan Greens Apt. 170
Lake Christineburgh, OR 47517"
107,217,Linda Phillips MD,Fill sound product partner.,7534307500,"003 Parker Land
Rickview, VT 18194"
108,218,Erika Banks,Over stage total democratic.,+1-638-783-4200x883,"USS Taylor
FPO AA 84375"
109,219,Edward Hughes,White return field.,398.699.8383x4802,"Unit 6264 Box 9778
DPO AA 64402"
110,228,Gregory Hall,Effort financial center dog when where cultural.,(265)587-5536x526,"080 Butler Junction Apt. 854
Jesusport, WY 45394"
111,231,Courtney Lynn,Rest live data require four happy.,(521)670-5549x9952,"0542 Kevin Spurs
Lake Kenneth, SC 10306"
112,232,Jill Martinez,With however tell record difficult arm.,971.841.9728,"98250 Seth Lodge Apt. 223
Randolphtown, MS 66035"
113,234,Lisa Goodwin,Much guy small.,505-382-0667x86800,"89998 Alyssa Branch Apt. 462
Andrewmouth, GA 64775"
114,237,Dylan Collins,Especially outside positive world lay.,535.907.6552,"6589 Stevens Ports
Lake Kristin, UT 31522"
115,239,Melanie Solis,During will cause value.,4198930400,"02980 Sheri Harbors
New Deborahfurt, HI 44196"
116,240,Victoria Zavala,Happen draw early.,+1-925-836-5622x3647,"3524 Williams Trafficway
Port Travisville, LA 62116"
117,242,David French,Side discuss center a ago hear follow.,796.702.9165x56083,"9723 Holmes Mews
Wardport, MA 32298"
118,247,Maria Hughes,Chance sound who laugh east trial of.,687-299-0069x1585,"PSC 1588, Box 3171
APO AA 68128"
119,248,Ricky Hunt,Field expert along important.,660.414.4514x068,"326 Miranda Rest
Lake Karen, NV 25455"
120,251,Tiffany Jackson,Yet more might finally allow go.,567-731-6258x83131,"872 Charlotte Street Apt. 879
Fullertown, DC 75141"
121,252,Mr. Roger Anderson,Change partner citizen perform character public reduce.,4883987026,"5287 Steven Vista Apt. 077
East Darlene, KY 65298"
122,255,Abigail Hernandez,Class identify focus important painting.,451.865.1275,"433 Jeffrey Orchard
South David, WA 15829"
123,257,Patricia Carney,Into radio career.,339-276-9925,"2541 Sean Route
Port Jerry, AS 01585"
124,261,Kyle Christian,Yet politics coach measure benefit.,717.457.4970x98200,"6706 Smith Groves
Traceytown, NV 77002"
125,263,Emily Strong,Again down join black total every.,(674)549-0604x7264,"737 Boone Islands Suite 699
South Victoria, WA 89852"
126,265,Pamela Harris,Our choose seven federal attack spring fill.,001-232-309-2447x435,"18395 Derek Roads
Justinton, KS 68075"
127,266,Emily Gomez,Pay class clearly clearly.,837.537.7178x4910,"606 Richard Isle
Clineburgh, VT 14114"
128,267,Brooke Nelson,Also choose ten list nice consider.,001-619-519-6812x9696,"31712 Nicholas Extensions Apt. 836
Boyleberg, AS 07125"
129,268,Tiffany Knight,Loss see production above.,573-620-6871,"09634 Ryan Pine Suite 161
Riveraburgh, OR 68844"
130,270,Jaclyn Wright,Mouth when mean practice.,(836)520-7869x25967,"14244 Myers Villages Suite 851
North Davidmouth, LA 21262"
131,273,Alex Bowman,Everybody everybody find four interest southern black.,959-642-2401x847,"46087 Samantha Falls Suite 974
South Joshua, GA 10714"
132,274,Stephen Thompson,Health local adult live major read bank.,771-220-6902,"90417 Diana Street Suite 026
North Cody, TN 07435"
133,276,Andrew Jimenez,Help off all economic interest.,423-884-9457x3727,"38040 Thomas Isle Suite 758
East Shelley, OR 10781"
134,277,William Simmons,Shake director forget piece onto claim middle husband.,(494)214-8253,"3177 Hunter Shores
Thomasshire, IL 75911"
135,278,Leonard Robles,Her remain million property not.,621.861.0283,"4065 Martha Oval Apt. 564
Jordanville, MH 51526"
136,279,Mandy Neal,Item third store old act remain.,236-577-5485,"013 Cohen Streets
Perrytown, ME 24202"
137,283,Shawn Hughes,Choose soldier why too.,(275)872-1421x948,"063 Green Pine
Brooksfurt, MP 99075"
138,284,David Combs,Actually land after our ahead defense.,620-254-8762x92795,"579 Mariah Flats Apt. 391
Port Rogershire, CT 75407"
139,288,John Miller,Event where call decade free.,245.988.0288x7450,"22199 Soto Courts
Keithhaven, NC 10455"
140,291,Dylan Cruz,Film put between may hear stuff poor.,8169249407,"41702 Jimenez Harbors
Jennastad, MS 21679"
141,295,Andrew Dickerson,Check world buy money that.,+1-516-824-2119,"90155 Kelly Valley Suite 823
West Timothyview, OR 86825"
142,299,Destiny Perez,Tough bring address all sort piece.,3783583704,"605 Ashley Coves Suite 055
New Kimberly, KY 53880"
143,300,Ana Hansen,Data perhaps anyone.,4346863045,"3934 Brian Trace
Michaelfort, MN 47712"
144,301,Troy Guerra,Offer phone recently your.,244.980.0199,"5618 Mark Motorway
Lake Shawnhaven, RI 67807"
145,303,Bradley Vaughn,Including value attention enough change baby.,+1-541-440-6178,"PSC 1474, Box 8313
APO AE 82242"
146,308,Jeff Steele,I ball itself region.,(595)515-4578x921,"41805 James Mountains
Shaneshire, AL 48708"
147,309,Jeremiah Cross,Any system soldier hospital total quickly.,001-722-431-6714x8903,"346 Amy Ports Apt. 776
Jonmouth, IN 22710"
148,310,Sharon Fisher,Since kitchen bar material actually treat whole film.,831.786.7040x014,"749 Tucker Port Apt. 362
Daveshire, KY 76687"
149,314,Angela Jordan,Condition history its move step impact everything fast.,438.671.7341,"2682 Ronald Vista
East Drew, ME 46323"
150,317,Kimberly Richards,Recent seek soldier off.,(269)924-4482,"21063 Sierra Trafficway
West Sandyfurt, MD 40584"
151,319,Austin Villa,Before attorney condition tough crime show tend check.,801-326-3007,"9537 Anthony Neck Suite 132
Matthewchester, PR 33830"
152,323,Mr. Joshua Harper MD,Picture free animal agree tend look.,(947)321-1531x8468,"78662 Mack Wall
Walkerside, VT 70987"
153,325,Kyle Reed,Home professor husband itself camera pay writer.,3039759754,"5006 Harper Ports Apt. 180
North Joseph, DC 10743"
154,327,Rebecca Thompson,True anyone support get sort appear.,495.598.0830x859,"USNV Watts
FPO AA 97513"
155,328,Jennifer Cohen,Worry foot face show me light trip production.,560-623-0496x7519,"369 Michele Road Suite 172
East Andrew, MT 25275"
156,331,Cathy Wilkins,Across soldier other along church.,772-209-3783x2795,"261 Rachel Common
Davidburgh, MD 96023"
157,332,Luis Mayo,Find environment south.,+1-676-890-3926x86094,"3917 Pierce Haven Apt. 126
Kimberlymouth, GA 40405"
158,334,Crystal French,Visit suggest civil board.,270.961.4513x49319,"867 Davies Street Suite 129
Adrianside, CT 17934"
159,335,Priscilla Knox,Can central black child.,848-258-7588x8483,"3708 Leblanc Cliff Apt. 158
Peterburgh, AS 29356"
160,336,Alison Tapia,Chair upon audience former.,001-817-883-8675x4508,"08211 Simpson Estate Suite 991
Johnchester, CT 82463"
161,339,Darlene Meyers,Baby within six behavior.,001-996-289-3150x3128,"969 Ellison Underpass
Bryantton, MD 17316"
162,341,David Campbell,Decade issue card family everyone agency.,3355444458,"Unit 4395 Box 2293
DPO AP 18153"
163,342,Jeremy Garcia,Each how body myself until various.,(865)326-3734,"3995 Nguyen Park
South Donna, DE 75326"
164,345,Victor Smith,Stand our buy pretty however white.,+1-465-608-7035x5149,"6170 Murphy Squares
Dorothychester, CO 49232"
165,348,Tracy Young,Art office eye maintain father possible radio.,001-276-387-4403,"USCGC Grant
FPO AA 43176"
166,350,Joyce Thompson,Task arm media side choice interest.,+1-791-532-0893,"81326 Macdonald Bridge Suite 781
Port Brandy, AS 82383"
167,352,Nicole Wallace,Send heavy after standard.,(850)719-1671,"USCGC Key
FPO AP 11758"
168,354,Todd Harmon,Century hotel boy personal rate less billion.,001-843-608-7568x3019,"04392 Ferrell Branch Suite 283
North Bradleymouth, AZ 46735"
169,355,Amy Butler,Successful board change.,911.700.9618x75374,"14071 Jacob Pine Apt. 936
Port Shaneville, SC 42881"
170,357,Lisa Prince,Guy land unit conference office leader half.,001-227-609-3002,"5034 Torres Shoals Apt. 139
Ashleyhaven, MS 97612"
171,361,Heather Norton,Discussion able low western paper discussion create amount.,001-712-404-9796,"920 Aaron Burg Suite 066
Carmenburgh, ME 72993"
172,365,Ryan Larson,Third trouble blood store light.,001-578-632-0409x9167,"874 James Haven
Thompsonland, DE 36019"
173,366,Andrea Hutchinson,Officer military trip him when recent brother mouth.,(453)310-2112x9728,"4372 Kathryn Track
East Joshuafurt, MP 59371"
174,370,Mary Williams,None usually popular three.,+1-211-302-8258,"484 Vega Mission Suite 831
Port Nicoletown, VA 23899"
175,371,Sean Silva,Newspaper need collection record society story popular sell.,727.706.1656,"343 Brown Hills
New Coreyside, SD 64959"
176,372,Mr. Jordan Burton,Actually effort another trip red able.,+1-410-304-4367x2866,"5945 Tommy Harbors Apt. 212
East Calvin, ID 53166"
177,378,Carly Norman,Support win save away recently loss say.,+1-803-402-7161,"54219 Little Lodge Suite 289
Wongport, NY 07095"
178,379,Richard Dixon,Yourself example hour tend.,577-765-4755x4888,"9482 Mcdonald Loaf
Stephenville, WA 74701"
179,382,Julie Smith,Base meet me give.,+1-376-912-2886x67946,"21886 Johnson Views
Christopherport, AR 34561"
180,384,Michael Valdez,Dark dinner score voice.,680.717.6369x45925,"958 Cross Mission Apt. 094
East Thomasbury, NV 82875"
181,385,Natalie Young,Who man generation industry.,685.266.3878x99950,"4441 Kennedy Ramp
Butlerbury, KS 36131"
182,386,Kelly Zhang,Event fire most toward what citizen necessary.,969-650-9894x3714,"Unit 0216 Box 4924
DPO AE 56375"
183,394,Jeremy Brown,Enjoy pressure treat also south while reach.,445.349.9146x6014,"20490 Hunter Island
Lake Deanna, TN 29085"
184,402,Timothy Jones,Computer far practice Mrs when.,+1-897-905-2425x6548,"4629 Andrew Keys Apt. 072
Beltranburgh, FL 59381"
185,406,Michelle Salazar,Final especially bag degree.,2229212717,"3677 Jenna Manors
Buchananshire, CT 91965"
186,407,Danielle Miller,Wide would building lose.,416.693.4094,"8929 Hinton Flats Suite 584
Port Rachel, HI 68997"
187,409,Brittany Kim,Degree make stage send public prevent.,001-624-455-4762,"3870 Reeves Mission Apt. 162
Hollandmouth, GA 19624"
188,411,Stephen Scott,Class ahead man reality someone system.,+1-500-603-8843x6679,"8195 Sherry Trace
Davisville, MN 07719"
189,412,Jason Rivera,Most among defense develop rich close.,621.631.8130,"5221 Dana Lodge Apt. 958
West David, CT 72271"
190,414,April Smith,Economy food color pull.,001-911-477-5475x129,"199 Garcia Mills
Port Janicehaven, MN 37099"
191,415,Christina Morales,Manage these over receive several accept can.,(842)509-6375x28919,"49466 Turner Plain Suite 670
Alexanderborough, FM 04332"
192,419,Christopher Rowe,Well this tough upon range discover.,380-919-6761x530,"07522 Michael Tunnel
Nunezfurt, MO 01966"
193,420,Stephanie Lyons,That Mr by surface walk.,427-366-8420x9868,"00794 Wilson Shoals Suite 186
Port Jefferyhaven, OK 32121"
194,421,Patricia Moore,Fund lawyer any.,(495)205-3559x136,"77011 James Course Apt. 815
New Feliciaton, MO 14303"
195,424,Stephanie Phillips,Quality cut like environmental car.,280-407-3320,"142 Thomas Underpass
Fostermouth, KY 41274"
196,425,Wayne Thompson,Poor call smile history.,+1-536-364-1790x3600,"Unit 9387 Box 0006
DPO AP 42224"
197,428,Thomas Higgins,Establish send population door music organization.,(245)298-2172,"7370 Wade Island Apt. 273
East Emilystad, NE 40913"
198,431,Nicholas Dyer,Hard our positive create open major.,001-345-798-7897x5280,"4383 Sherman Harbor Apt. 387
Francisland, RI 44543"
199,433,Tracy Rush,Senior analysis machine tax some none.,001-306-663-5628x467,"8622 Joanna Rue Suite 838
Davidport, NY 36654"
200,436,Dale Potter,Leg likely brother rule.,+1-228-663-3076x0063,"92434 Chen Street Apt. 552
Shariport, NC 96609"
201,438,Jonathan Patterson,During treatment enter student theory.,001-567-575-0015,"71533 Mckay Road
Morsebury, MO 74381"
202,439,Jennifer Myers,Certain only me control team.,(561)236-6068,"04331 Bobby Center
Nicholastown, IN 10404"
203,440,Jennifer Bautista,Shake too in wife mind Congress design.,+1-684-423-4855,"23779 Green Drive
Bradfordborough, NE 88982"
204,441,Brandy Terry,History anyone also forward show require.,9653368292,"501 Castillo Circles
Brianchester, HI 48451"
205,443,John Nelson,Magazine least note up.,969.926.6659x63213,"68319 Harris Greens Suite 208
Youngstad, AS 34670"
206,444,April Russell,Study yet technology Republican yard low modern.,(774)629-8643x5094,"9161 Shaw Ridge
Lisaborough, CA 75934"
207,446,Jeffrey Velasquez,Page understand along prove shake paper.,2068552354,"80788 Davis Station Apt. 142
New Alex, WY 99615"
208,448,Craig King,If certainly poor social TV.,(281)411-9439x021,"177 Michelle Well
Port Douglas, PW 53121"
209,449,Theresa Mays,Some she worry.,415-509-6299x358,"9117 Higgins Camp
Williamshire, AK 45940"
210,450,Hayley Ford,Rich difficult truth true care.,001-836-218-7224x255,"Unit 3321 Box 4309
DPO AP 20289"
211,452,Kevin Tanner,List stage without whose enjoy hope.,604-944-6216,"32940 Phillips Glen
Cardenasberg, MI 09373"
212,453,Austin Williams,Particular theory around Mrs seem.,3366426302,"820 Thompson Plaza
East Beckymouth, OH 72659"
213,456,Nicholas Sanchez,Community understand style democratic cost somebody certainly.,+1-518-880-0667x55505,"1861 Vasquez Cliffs Apt. 553
South Matthew, VT 81395"
214,457,Patrick Lewis,Play heavy money through.,+1-494-788-7403x036,"9351 Mclaughlin Rapid Suite 971
Smithfort, AZ 27653"
215,458,Jasmine Cohen,Short morning rise language gas fall instead.,+1-773-447-5904,"060 Elliott Rue Apt. 206
New April, TN 86991"
216,463,Maria Hall,Behavior couple care benefit.,630-754-4599x6605,"Unit 3692 Box 9683
DPO AA 92876"
217,464,Crystal Marquez,Region lead piece would under special dinner.,612.395.3153x821,"9796 Smith Rue Suite 845
Whiteton, LA 13433"
218,467,Kendra Hughes,Part line good level change.,899-335-5757,"86653 Miller Key
Garcialand, SC 16391"
219,469,Rose Holmes,Understand organization season fall end home return.,001-484-916-2418x0214,"83856 Teresa Overpass Suite 954
Christophermouth, NC 59373"
220,470,Lacey Gonzalez,Show off sort ever offer middle year.,(420)220-0700x204,"PSC 9083, Box 1114
APO AE 98143"
221,472,Amy Cruz,Fight minute executive.,(663)688-8119x9783,"327 Young River
Wendyburgh, NJ 18770"
222,473,Johnny Ferguson,Win camera per deep fight dream tend.,(437)552-8709x433,"66557 Santiago Landing
East Mark, ID 25095"
223,475,John Mcguire,She increase lay recognize inside available.,+1-733-435-2769x6652,"08042 Morales Mews
South Emily, SD 79515"
224,476,Matthew Taylor,Body song ten join top difficult.,956-739-5366x4570,"82107 Samantha Gateway
Perezstad, NM 09735"
225,477,Justin Nelson,Condition improve go style and.,001-999-804-5310,"055 Amanda Underpass Suite 136
Adamsberg, TN 50180"
226,479,Megan Diaz,Center performance blood social positive sea month.,+1-743-620-9122,"058 Young Prairie
West Lawrenceberg, SC 12716"
227,482,Joanna Bolton,East tough heavy fill positive.,921.961.6216,"575 Rodriguez Parkway Suite 943
Karentown, AL 56219"
228,483,Joseph Clark,Catch law off true interesting summer cold.,(633)342-8721x3652,"7150 Fisher Avenue Suite 090
Mooneyville, WA 41748"
229,484,Allison Christian,Force down speech activity find manager.,709.820.2997x8835,"Unit 1527 Box 9266
DPO AP 61550"
230,485,Michelle Baldwin,Security specific west expert area vote oil how.,+1-381-337-6727x90413,"95469 Brown Forges
South Mary, NY 49139"
231,488,Daniel Hess,Purpose difficult heavy find onto.,654.204.3961x40221,"34701 Albert Route Apt. 411
Millermouth, MS 93384"
232,489,Kathryn Walton,Less full arm prevent start father down.,(764)997-1693x7306,"16253 Rivas Keys Apt. 122
Lake Joseph, GA 56594"
233,490,Gregory Thomas,Assume face draw consider environmental.,(420)551-1678x1740,"USS Webb
FPO AP 31873"
234,493,Deborah Edwards,Front movement his particularly community.,+1-267-793-8209,"7796 Richard Rue Apt. 986
Lake Karenstad, NE 49276"
235,494,Terry Flowers,Let have source without nothing significant.,755.559.1257x130,"951 Thompson Springs
New Danielstad, TX 76934"
236,495,Ashley Collins,Stay peace give.,7719779500,"890 Christopher Ridge
Edwardsville, KS 56047"
237,496,Michelle Brown,Available road scientist me program.,919.608.1071x03747,"PSC 3150, Box 9853
APO AP 67396"
238,498,Shannon Harrington,Mention best care especially upon coach look girl.,(623)824-6674x38117,"8302 Evans Shoal
Henryhaven, IL 42654"
239,499,Carolyn Lee DDS,Third direction item ten.,001-631-492-9308,"14100 Lori Walk
East James, WA 94010"
240,500,James Torres,Fast speech student recent act.,779.733.0135x67943,"4592 Amanda Station Suite 425
West Mikeborough, CA 19033"
241,504,Michael Hale,Animal thank similar resource wrong guess well.,+1-301-554-3719x8341,"8028 Mcguire Courts
South Jamesfort, KS 47133"
242,505,Veronica James,Minute too we upon.,271.963.9063x6344,"1924 Lisa Isle Suite 616
East Natalie, VA 38301"
243,506,Cory Jones,Exactly particularly sound draw thing.,2523047914,"USNS Smith
FPO AP 44975"
244,509,Nicholas Roman,Cup then car offer hard business.,537-783-1084,"90807 Carr Coves Apt. 480
Lesliebury, CT 37772"
245,513,Kenneth Jordan,Especially clear nothing environmental sell.,427-475-7687x28191,"99830 Jared Glen
New Johnborough, TN 68009"
246,514,Robert Leach,Scene most college once.,001-585-690-4168x141,"4731 Choi Junction
Lake Jason, LA 36742"
247,516,Natalie Hill,Collection product lot eat.,431-895-6070,"6592 Lee Vista Apt. 562
Jasminechester, AS 73718"
248,517,Christopher Wilson,Look issue sell voice which structure.,411.839.0388x13344,"055 Patrick Divide
Carrillofurt, CO 27399"
249,519,Kristine Welch,Project radio one throughout across nor at rise.,756-587-6522,"71771 Cheryl Forge Suite 589
Reynoldsmouth, FM 44203"
250,520,Jennifer Robinson,Give look country tough sport president where.,388.348.5834x371,"01829 Justin Walk Suite 743
Thomasburgh, WA 23102"
251,524,Wesley Rodriguez,Power key court local house.,898.204.3399x117,"39438 Christopher Landing
East Markport, AK 95685"
252,526,Andrew Hamilton,Somebody color generation.,821.248.2329x629,"187 Jones Mills
South Tammy, NE 42618"
253,527,Barry Howard,Party identify rise under message skin cold significant.,(417)635-9788x219,"672 Hernandez Park
Butlerville, AS 84820"
254,528,Shannon Andrews,Tax particular development.,+1-574-511-5781,"145 Kara Inlet Suite 196
Westside, KY 47685"
255,529,David Frank,Deal play house director.,(919)734-8096,"5546 Thomas Squares Suite 309
Port James, FM 99654"
256,530,Donna Martin,Long cut thank step perhaps world maintain.,4664569923,"05048 Francis Mountain
Carloston, PW 61227"
257,534,Jessica Reyes,Step source manager tend so could job.,+1-356-596-1918x932,"06620 Jennifer Green Apt. 188
Samuelstad, MH 16787"
258,535,Derek Osborn,World approach himself.,(846)387-1780x57516,"06352 Vasquez Crossing
East Derrickfort, IL 25869"
259,536,Michelle Figueroa,Ago baby involve this.,646.684.2670x9767,"0826 Deleon Creek
Teresafurt, HI 54218"
260,537,Daniel Marshall,Whether enter their sound sure world.,(785)350-4390x393,"320 Graham Oval Apt. 477
Avilashire, WA 33042"
261,539,Nicholas Webb,Song tree learn seek his protect red.,(662)346-7753x1377,"1891 Shannon Cliffs Apt. 970
South Johnstad, NV 18609"
262,540,Jacob Fletcher,Just tend federal way alone member.,881-237-0472x141,"3121 Berg Ranch
Jonesside, FL 89124"
263,542,Jennifer Gibson,Cover discussion wind field person yeah major.,922.621.7609,"556 Vaughn Trafficway
Port Ericport, CT 28562"
264,546,Tiffany Rivera,Fly risk floor man win.,001-231-463-9030x62895,"82234 Mark Green
Garciaport, MP 62371"
265,547,Megan Underwood,Thought when though air car material.,001-564-629-2349x2689,"6282 Caldwell Gardens
Clarkmouth, PW 71893"
266,549,Shannon Schroeder,Inside out run laugh health story.,+1-605-911-7421x19295,"37957 Nicole Course Suite 639
Lake Nicole, MA 05331"
267,551,Tara Ali,Out long million professor home.,238.258.4443x13967,"USNS Jordan
FPO AP 75172"
268,553,Breanna Lopez,None peace sound.,(372)373-7883,"9412 Cole Lock Apt. 813
Lake Kevin, OR 06717"
269,564,Brian Higgins,Remember reveal couple item culture.,992-686-7210x824,"579 Richard Pine Suite 612
Ramoshaven, TX 02949"
270,565,Michael Avila,Above success feel month.,001-761-720-0473x65579,"4655 Robert Haven
Port Josephfurt, AS 11474"
271,567,Heather Dunlap,Arm message teacher be operation note method.,597.948.2420x16300,"5346 Justin Pike Apt. 584
Howemouth, ID 33572"
272,568,Dustin Young,Finish measure woman such.,+1-228-856-7859x286,"8384 Keith Neck
Port Lauren, MI 52342"
273,571,Stacy Ross,Stay home other herself.,5715467177,"464 Andrew Tunnel Suite 173
Blaketon, ME 02514"
274,572,Michelle Chang,Though where enjoy.,(927)293-0049,"Unit 5864 Box 9001
DPO AP 27315"
275,573,Richard Nichols,Born able sing fast generation number.,527-238-1335x92921,"478 Charles Burgs
Cherylside, MS 67796"
276,575,Robert Huber,Seek beyond he cup station.,001-239-547-8964x5716,"22808 Nicholas Light
Masonville, WI 94306"
277,576,Heather Delgado,None direction about argue positive at.,2727682526,"46049 Tiffany Gateway
Penningtonland, ID 97848"
278,577,Kevin Smith,West win ground woman resource interview down.,(765)459-2981x33119,"88573 Wanda Key
New Josemouth, VT 33448"
279,578,Natasha Henry,Total year guess suffer book eight sing example.,837.714.5198,"6996 Shah Spurs Apt. 257
New Donnaburgh, FM 52916"
280,581,Thomas Rodriguez,Exist have team pretty none.,2022116107,"7077 Gardner Tunnel Suite 693
Samanthachester, KY 43680"
281,582,Brian Rivera,Any base system any a.,+1-406-263-3318x2250,"47616 Gregory Rapid
Robertberg, MT 41919"
282,584,John Chen,Former sort guess ok raise tree.,+1-636-593-4243x3022,"PSC 2928, Box 6600
APO AE 03512"
283,585,Nancy Brooks,Card guy its argue simple.,4824111317,"55838 Lisa Dam
New Margaretton, DE 33351"
284,586,Danielle Hardy DDS,Investment ground save rich occur purpose.,001-887-284-6630x33403,"682 English Ford
Lake Zacharychester, MP 06585"
285,589,Susan Hobbs,Article push high.,+1-614-700-8739,"972 Brandon Shoal Apt. 558
Williamsville, MA 19093"
286,591,Brent Harper,Character owner stop specific general.,7913947586,"064 Mendoza Course
Port Nicole, NC 58351"
287,594,Mrs. Tracy Collins,Seat animal dark white carry land song.,570-821-3396,"42733 Anna Via
Kleinborough, NV 10263"
288,600,Carol Reeves,That certainly front style.,914.261.5386x04706,"1719 Donna Crossing
Lake Taylorfurt, WV 59318"
289,605,Jennifer Thomas,Trade report decade goal kitchen say measure.,001-257-372-4691x99696,"934 Mitchell Islands
Longville, SD 77448"
290,606,Christopher Martin,South feel Democrat as.,6195706499,"637 Bryan Drive Apt. 030
West Bailey, CO 12182"
291,610,Christian Davis,Hair already door day air.,001-391-366-1508x4735,"58299 William Flats
West Mary, HI 98707"
292,611,Marie Mendoza,Certain fine pretty mind political network TV.,+1-995-210-3000x086,"31995 Timothy Drive Apt. 355
New Kevin, MH 65358"
293,615,Vanessa Richard,White next I father.,+1-427-456-8063x54152,"2236 Anita Fords Suite 866
Johnberg, KS 19728"
294,617,Jeffrey Richardson,Reduce now easy have sure follow government.,+1-855-927-6161x7735,"USNS Patel
FPO AP 42601"
295,618,Julie Donaldson,Product cultural top loss.,(734)218-0716,"Unit 7365 Box 2264
DPO AE 54730"
296,619,Bridget Williams,Small high day government draw national family man.,613-661-7138,"238 Joshua Lane
North Betty, NH 06430"
297,620,Patricia Porter,Home air machine then.,(518)224-0331x8598,"94376 Jennifer Glens
Woodberg, VA 33238"
298,622,Hayley Rivera,Production gun still old perform successful.,+1-341-838-5998x48653,"63855 Smith Mission Apt. 531
Davidport, VI 26644"
299,623,Deanna Jones,Body far spend radio message however.,(492)368-5753x5162,"USS Hawkins
FPO AE 74727"
300,624,Morgan Thomas MD,Wife north short finally.,(352)530-4494x55023,"077 Kathleen Forks Suite 736
West Evelyn, OH 42631"
301,625,Nicole Powers,Watch structure real her future.,230.743.8458,"89177 Perez Cape Suite 504
South Victorville, UT 47999"
302,626,Kenneth Romero,Sort purpose share stage consider like trip.,001-569-241-3704x31593,"35798 Jessica Springs
Morrisonburgh, SD 99649"
303,628,Michael Sanchez,Family always easy out teacher but single seek.,001-546-853-7070,"088 Martin Mall Suite 514
Port Mary, FM 59481"
304,629,Seth Blankenship,Amount spring wonder billion reason.,551.432.0598,"59328 Vincent Island
East Rachael, CT 34388"
305,630,Jeremy Dennis,Financial anyone employee stand.,(349)683-4414,"544 Kristen Groves Suite 618
Port Michael, CA 76458"
306,632,Vanessa George,Describe determine start name wish we.,001-290-768-0661,"2210 Kelly Fields
Port Ericport, AL 68256"
307,634,Julia Bradshaw,Quite follow on.,328.307.1473,"511 Cook Flat
West Triciamouth, MS 31502"
308,635,Matthew Cruz,Second it life measure think network.,919-803-1307,"80870 Karen Ranch
Nunezshire, OR 33655"
309,638,Mark Booth,Military one look coach exist message wait.,001-857-505-2274x9828,"6730 Salinas Mount Suite 568
Aliciaburgh, CO 76827"
310,639,Kristie Patel,Stuff middle coach market discover attention.,608.706.4137x34041,"6002 Weaver Flats
Hermanburgh, CT 42448"
311,641,Wanda Tucker,Carry worry perform begin score bit talk.,566.631.3639x40908,"7451 Douglas Summit
Watersberg, VI 59471"
312,643,Mr. Jay Wilson,These field church.,557.299.1883x67803,"0327 Nixon Loaf
Taylorchester, VT 15853"
313,644,Jonathan Valenzuela,Specific commercial human apply candidate.,883-513-0438x68972,"053 Newton Junctions Suite 524
Port Marybury, CT 72258"
314,651,Michelle Hernandez,Suffer trial explain.,894.886.6150,"77188 Jones Brooks
New William, OR 74779"
315,653,Samuel Smith,Region quite evening cell wind road charge father.,265.957.2981x4858,"760 Albert Trace
West Carly, RI 03646"
316,655,Samantha Roberts,North explain family different beautiful various idea nature.,4097207437,"4992 Flores Mission
Sanchezfurt, MA 10500"
317,657,Derrick Phillips,Physical firm program add show central ago.,2156438016,"9415 Donaldson Terrace Apt. 288
Lake Jamie, TX 63501"
318,658,Barbara Brown,It firm image suggest be responsibility your.,(700)551-3332x848,"302 Johnson Village Suite 068
Dakotaside, WA 71073"
319,659,James Walters,Foot see around.,+1-935-545-0741x157,"06039 Rhonda Knolls
West Devon, MH 31296"
320,660,Stanley Arnold,Continue almost suddenly.,541.476.0968x970,"4684 Kimberly Mall Apt. 246
Grossfort, FM 96055"
321,666,Ms. Karen Adkins MD,Claim responsibility and speech child.,994-283-8876x2433,"05061 Michael Street Apt. 839
Alyssachester, MN 92367"
322,667,Aaron Huerta,Actually former fear agree window.,001-222-224-0205x988,"34073 Singh Motorway
North Davidport, MI 91231"
323,673,April Hill,Edge my phone.,533-638-8219x53968,"714 Irwin Trace
Vickiport, NH 17069"
324,675,Lindsay Osborne,College detail sister along.,(444)686-5790,"USNV Johnson
FPO AE 66229"
325,676,Victoria Lopez,Serious tough debate degree so professional reduce.,250-502-4853x08766,"1077 Dickerson Streets Apt. 487
West Heidiview, DE 32268"
326,677,Dustin Ewing,Run care all than interview law mean real.,7834571253,"21968 Hill Cliff
Nicholshaven, KS 46844"
327,678,James Church,Alone walk case else.,615-657-2665x044,"991 Brian Corner Apt. 605
Patrickside, RI 29833"
328,680,Karen Villarreal,Perhaps on accept local.,(850)528-8829x4524,"4925 Moses Manors Apt. 681
Lake Breanna, DC 78179"
329,685,Lisa Schwartz DVM,Discuss pay low issue.,670-621-8937x0729,"Unit 3007 Box 2465
DPO AE 82416"
330,687,Michael Murray,Should security likely activity work relationship hotel.,+1-505-330-1100x3313,"USS Jones
FPO AA 91061"
331,688,Kimberly Villa,Various future training live food ability.,877-940-3814,"9358 Stacey Port Apt. 583
New Johnny, SD 57249"
332,689,Jason Jones,Detail security rest few.,+1-858-363-9991x49971,"93223 David Pass
New Pamelaview, NE 38149"
333,690,Kathleen Phillips,Administration lay concern often.,001-910-424-3422x7193,"46389 Taylor Isle Suite 892
West George, MA 54219"
334,692,Amy Williams,Behavior family method success design particularly young whole.,455-200-8421x40326,"22779 Micheal Street Apt. 231
Moodyberg, UT 43127"
335,693,Carl Burgess,Majority customer industry water.,4523321219,"87813 Smith Courts Suite 180
Flowersport, CO 42660"
336,695,Victor Reed,Part unit really outside.,336.893.2894,"917 Holloway Drives Suite 969
North Joshua, AZ 39229"
337,697,Crystal Williams,Great learn break onto ten program.,+1-810-381-7929x298,"810 Rogers Motorway Suite 996
West Joyce, MP 05714"
338,698,Debra Hernandez,Wish whether newspaper from drive glass.,630-358-0143,"9532 Johnson Spur
Hamiltonside, DC 40784"
339,700,John Huffman,Arrive marriage gas training simply ago big skill.,+1-564-330-0709x8689,"Unit 5947 Box 6176
DPO AE 27781"
340,702,Teresa Reynolds,Specific he international price his finally husband.,911.292.1378,"37437 Elizabeth Manors Suite 696
Port Kimberlytown, VA 20831"
341,703,Michael Nichols,Blood really your send guy order rate.,2478018814,"5263 Anthony Prairie Suite 595
Burtonview, AL 01787"
342,704,Jason Martinez,Seven case pattern network center sport.,+1-394-934-2710,"4295 Samuel Spring
Port Robinside, GU 94145"
343,705,Julie Clark,Opportunity government management design happy.,942-893-0259x963,"985 Evan Forges
Port Lisa, CO 17591"
344,708,Gabriella Rodriguez,Generation recognize break throw beautiful morning.,660.657.1329x217,"23691 Jacqueline Crossing Apt. 149
Lake Sharon, MP 87648"
345,710,Richard Torres,Much important write mother art.,884.344.7639,"5066 Ronnie Estate Apt. 025
North Angelica, NV 78543"
346,712,Erin Schmidt,Assume statement station better sure medical.,924-956-2420x856,"04657 Mackenzie Estates
Freemanview, AK 45119"
347,713,Michael Wilson,Arrive Republican then sister.,001-987-500-8373x86673,"349 Dan Spurs
South April, NH 11625"
348,715,Peter Holloway,Nor let however middle.,805.228.8715,"1342 William Locks
South Amber, WA 81634"
349,716,Paul Taylor,Firm data perhaps seem she stop clearly role.,583-343-6810x850,"829 Sarah Light Apt. 738
Garciamouth, PW 03798"
350,717,Rebecca Lee,Anyone bar finally use seven go your suggest.,9482639696,"19196 Christopher Lodge
New Priscilla, SC 49233"
351,718,Kristi Mcdowell,Pm we walk toward on.,+1-631-866-5128x95567,"59748 Schaefer Station Suite 922
Julieville, IL 71463"
352,721,James Sullivan,Inside throw down arrive call.,412.453.3402x501,"65857 Nguyen Crossing Apt. 540
New Christopher, AS 91938"
353,724,Jeffery Hernandez,Court bit bar my central image.,544-889-4637x58648,"8250 Kristen Forge
Greenstad, SC 35113"
354,726,Brenda Cook,Amount no artist trade station reduce.,994-446-1848,"89565 Davis Landing
Mcdonaldmouth, AS 06864"
355,727,Christopher Boyd,Yes chair type.,726-596-7686,"31998 Rangel Fields Suite 587
North Kevin, ME 15076"
356,729,Shelly Davis,Beautiful mind I interesting debate lead but.,001-324-746-3898,"4929 Devon Lane
Yvetteshire, OR 72618"
357,730,Carlos Howell,Necessary continue security source ground.,8327089340,"449 Smith Views
Emilyfort, MS 79841"
358,731,Charles Jones,Site case first.,632.731.3039,"791 Debbie Camp Apt. 205
South Stevenfort, VA 84560"
359,735,Paul Hanson,Discussion drop director thought both.,+1-468-421-2365x025,"733 Matthews Alley Suite 420
Lake Aaron, IA 68091"
360,737,Ellen Nelson,Question prevent tree firm present.,+1-249-506-5664x015,"36723 Horn Crescent
East Courtneyland, OK 37856"
361,739,Gary Maddox,Reach best building analysis current.,001-442-821-7961x461,"33677 Gregory Roads
Craigtown, MT 36251"
362,740,Joshua Hess,Off since method commercial.,001-880-798-0873x855,"0429 Veronica Shores
Everettville, OK 61901"
363,741,Angela Ochoa,Money young reflect use institution.,610.236.5794x38442,"Unit 3968 Box 1053
DPO AA 04296"
364,743,Carmen Collins,Nature through whether scientist my father white.,408.550.3024,"28202 Duffy Stravenue Suite 058
Vincentside, SD 43557"
365,744,Jason Carter,She animal million which provide.,4012419853,"80331 Mckenzie Squares
Acevedomouth, MO 59473"
366,747,Amber Howard,Defense edge provide.,(270)397-7013x57545,"5675 Andrew Road
Schneiderfort, SC 23705"
367,749,Alexander Lee,Report assume Mr change everything.,507-390-9668x077,"1078 Chavez Mews
Burkefort, VT 11391"
368,750,Jonathan Parks,Western Democrat everybody.,872-745-2825,"41526 Brandon Shoals Apt. 844
Lake Heathertown, MS 41574"
369,751,Kellie Williams,Save either in real them director.,746-348-3873,"PSC 0317, Box 1780
APO AA 23873"
370,752,Julie Welch,Current model realize relationship interesting black bring.,728.607.7511x304,"5149 Garcia Shores
Youngmouth, AZ 15414"
371,755,Greg Mccann,Administration peace claim short source.,+1-875-751-7196x1748,"876 Deborah Estates Apt. 207
Russelltown, CT 15690"
372,756,Casey Castro,Pull also physical general change.,908-318-5117,"52845 Harris Isle
North Gregorychester, WV 51757"
373,758,Chad Johnson,Notice condition federal responsibility answer present.,001-492-708-9889x97426,"PSC 2939, Box 5792
APO AP 09285"
374,759,Daniel Adams,Miss country fish power notice expert.,001-898-536-3162x0874,"7244 Moses Brook Suite 650
Jamesmouth, MO 01005"
375,760,Jordan Montgomery,Edge play war goal.,(451)454-0913,"499 Cynthia Circles
Amberhaven, TN 09918"
376,762,Jennifer Fernandez,Behavior president school head government adult here.,692-810-8377x3103,"PSC 3968, Box 6443
APO AP 64624"
377,764,Brenda Hobbs,Pattern worker job would opportunity hospital.,742-441-3590x286,"13231 Stephen Via Suite 693
West Brad, NE 00595"
378,765,Amanda Barrera,Upon office above herself debate performance air.,5852375727,"00010 Gray Square
Rebeccatown, OK 30464"
379,767,Kristi Potts,Occur less individual as moment watch.,+1-908-410-2525x825,"70917 Chaney Drives Suite 048
Williamshire, GU 63385"
380,768,Christopher Kelly,Exactly civil issue method go keep.,(288)567-6871,"2112 Martinez Valley Suite 619
North Matthewland, AK 30010"
381,769,Michael Burton,Play no strong necessary fund can.,(417)842-4447x18618,"592 Sherry Court Apt. 235
Andersonbury, IL 12218"
382,775,Eric Allen,Among tonight arrive home figure movement.,001-917-650-1429,"396 Tyler Parks
Lake Sandraville, MS 96516"
383,776,Danielle Brooks,Two allow expert behind feel class.,8974843260,"336 Raymond Drives Suite 503
Sandrastad, CT 15864"
384,777,David Brady,This admit everyone day into strong store form.,+1-933-750-2448,"917 David Forge Apt. 065
Michaelborough, KY 35122"
385,779,Donna Hayes,Method item billion.,844.909.5706x4822,"8040 Sabrina Camp
Perezville, MI 62129"
386,780,Melissa Evans,Reveal tough from draw.,(496)492-2169x715,"51287 Jordan Vista Suite 270
West Christina, NM 63184"
387,785,Jessica Gordon,Ask analysis worker view spend discussion trouble.,2255949581,"USCGC Singleton
FPO AA 81706"
388,787,Gregory Hughes,Speech job message.,513.777.2403,"09872 Linda Parkway Apt. 425
East Alexander, SC 02224"
389,788,Barbara Becker,Born something run adult cover.,670-329-4231x847,"1522 Smith Flats
Lake Michaelbury, MS 09241"
390,794,Mary Petersen,Just standard case else daughter commercial.,376.711.7807,"5719 Padilla Curve Suite 632
Clementsburgh, NE 12953"
391,795,John Jarvis,Through star power stop partner.,+1-640-316-7222x7585,"833 Brewer Run
South Michaelland, GU 28919"
392,798,William Trevino,Audience we effort.,(790)921-2921,"USNS Santana
FPO AP 52757"
393,799,Kristina White,Huge forget stand network simply.,+1-468-281-0120,"064 Williams Shore Apt. 318
Taylorview, AK 15244"
394,800,Mary Turner,Learn early manager college attorney college why.,7916517653,"78710 Christopher Lake
Jenniferburgh, OH 39298"
395,801,Brittney Lee,Professor this executive possible fly of rather job.,(923)808-5869,"83669 Taylor Port
North Maryshire, AS 68746"
396,804,Amber Smith,Analysis choice campaign majority save.,+1-897-857-1797,"699 Theresa Green Suite 202
Andersonfurt, SC 40992"
397,805,Sandra Burns,Role always I tax believe central.,931-732-5389,"91358 Charlotte Plains
Webbfort, ND 04252"
398,806,Linda Roberts,A decade employee meet present yard drive.,585.902.0806,"399 Hall Hollow Suite 000
New Cheryl, WV 42202"
399,807,Cheryl Rose,Enough up program window citizen condition idea test.,+1-566-898-9621,"6646 Phelps Path Suite 143
North Daniel, CO 62422"
400,810,Jose Lynn,Threat doctor range scientist him charge bed.,(489)738-2955x90048,"3957 Graves Grove
Schmittview, PR 52071"
401,812,Christopher Taylor,Bed describe assume stop list role.,770.453.8704x953,"81174 Allen Key Apt. 938
North Samuel, NV 10657"
402,813,Cheryl Miller,Turn study minute site out.,(256)246-4337x60518,"33037 Murray Coves
South Jennifer, HI 31964"
403,814,James Bowers,Serve guess woman simply require many.,895-983-1226x51891,"6654 Nicholson Turnpike
Jefferyland, ME 21946"
404,821,Melinda Gomez,Will night knowledge paper really.,+1-340-660-2085,"2925 Michelle Brook
New Davidborough, MT 38897"
405,822,Megan Houston,Leg service talk summer.,625-789-2299,"0236 Michelle Underpass Apt. 493
Emilyland, WA 55140"
406,823,John Bennett,Hundred half drive own rate on.,(215)918-2729,"6521 Bethany Overpass Apt. 383
West Danielmouth, KY 38192"
407,824,Mark Love,News whether money speech.,001-981-875-7440x4687,"PSC 9128, Box 2001
APO AP 64371"
408,826,Ray Edwards,Have someone book change.,+1-543-472-8376x362,"2281 Gould Walk
Garzamouth, WI 75551"
409,827,Dawn Barber,Successful always medical difference through do analysis fact.,4788933331,"1459 Johnson Hill Apt. 101
Booneburgh, LA 63496"
410,828,Colleen Gay,Share middle fast eat raise until outside.,+1-278-635-6121x2093,"577 Taylor Knoll
West Luisfurt, ID 99935"
411,829,Brooke Wright,Theory accept difference central must billion.,+1-537-733-8136,"3174 Pollard Ridge
Melissaland, WA 61901"
412,830,Steven Ellis,Risk attention themselves its same democratic half.,309.349.8922x544,"USCGC Fisher
FPO AP 92825"
413,831,Dennis Foster,Half forward why indicate on.,360.398.5259x417,"95585 Stanley Road Suite 564
Jessicafurt, MS 51254"
414,832,Melissa Olson,Wrong officer she.,692.799.6143,"22388 Dean Mills Suite 494
Wilsonbury, MN 47973"
415,834,Molly Johnson,Water son wrong walk great begin.,(361)287-4494x0905,"PSC 2177, Box 0661
APO AA 34345"
416,836,Brandi Brown,Determine stock suggest discussion like expect during.,+1-624-731-3683x4341,"555 Gregory Shoals Apt. 312
Lake Amymouth, UT 84524"
417,838,Michael Williams,Memory type dog next.,(368)417-6834,"872 Colton Point Apt. 695
Ashleyville, DE 51263"
418,839,Terry Roth,Instead build front each.,723-819-9666x6800,"0856 Jessica Crossroad Suite 250
Andreaside, NE 07155"
419,840,Brandy Fisher,Focus item true many for.,+1-989-618-5688x08470,"6289 John Bypass
New Ryan, WI 80365"
420,841,Jason Riley,Also only parent sell go hotel close.,325-659-7302,"17578 Michael Path
Port Patrickside, HI 07675"
421,842,Hannah Lee,Power wall compare.,+1-759-472-1219x6904,"27089 Brian Flat
Hudsonland, SD 19840"
422,843,Hannah Andrews,Type young quality defense election take understand.,971.649.9414x342,"5810 Joshua Plains
Port Bradley, NM 81353"
423,844,Charles Myers,Glass all wait standard the apply phone.,+1-853-614-1313x47837,"5583 Reese Forges Suite 605
Port Maria, DC 51287"
424,845,Katherine Mcbride,Open back staff good fish piece reflect.,001-839-986-2112x858,"7979 Kathleen Fords
Christianchester, VT 86662"
425,846,Bobby Thomas,Stand nature service perhaps certain radio gun.,4168540365,"90538 Stewart Gateway Suite 294
Jamesside, NH 79018"
426,847,David Mullins,Painting girl mouth.,587-297-4620x2735,"3577 Matthew Burgs Suite 883
Lake Amanda, MT 50728"
427,851,Edward Barton,Next positive better determine.,+1-926-466-8007x063,"4248 Pittman Lakes
Brownberg, CA 92944"
428,852,Karen Gutierrez,Citizen deep rule address.,+1-466-687-2639x5215,"6646 Jamie Springs Apt. 678
Port Daniellechester, OR 23495"
429,853,Michael Hernandez,Space prevent detail start staff pull season.,384.218.6173x814,"94133 Calderon Locks
South Michaelburgh, OK 15537"
430,854,Ronnie Dunn,Address among market move discuss father long.,912-804-4898,"USS Rubio
FPO AE 29276"
431,862,Daniel Stuart,Of woman meet thousand.,(763)389-0128x409,"Unit 2430 Box 3453
DPO AE 11721"
432,863,Danielle Thomas,Billion financial fall treat practice catch.,(879)215-1855x72107,"25282 Clay Crest
Baileyville, GU 52367"
433,864,Stephanie Scott,Type game hard strategy ahead common arrive.,404.856.8176,"907 Williams Junctions
West Nicoleburgh, AS 96042"
434,865,James Walker,Eye medical claim drop religious society pay real.,001-809-371-2871,"503 Green Mountain Suite 557
New David, SC 13772"
435,867,Julie James,Throw listen car this worker.,8063927620,"916 Peter Summit
Bryantberg, GA 57622"
436,868,Tamara Jones,Authority against card board official.,573-834-9426,"6450 Daisy Ranch Suite 379
North Suzanneburgh, MH 81832"
437,869,Kenneth Cortez,Group particularly power yes resource training cause.,9854566487,"215 James Ford
Medinaberg, KS 21063"
438,870,Sherry Moore,International boy direction financial home black opportunity.,933.343.9349x04133,"029 Ashley Inlet Apt. 586
Port Margaretville, WA 04128"
439,871,Clayton Sanchez,World mean method senior color middle even.,546-649-5036x9218,"USNS Stewart
FPO AE 05787"
440,872,Tanner Ochoa,Team and most.,943-900-0911x227,"30592 Robert Drives
South Whitney, WY 78351"
441,874,Kevin Reese,Market culture moment how.,927-688-9362,"USS Freeman
FPO AP 66954"
442,877,Edward Perkins,Current method type main.,865-469-2725,"847 Miller Way
Port Allisonstad, IN 23921"
443,878,Christopher Taylor,Couple owner low evidence.,313.505.0781x04648,"46146 Cole Forest Apt. 341
New Anitashire, FL 18965"
444,880,Brian Carpenter,Language summer machine letter reduce truth.,597-531-4573,"9304 Steven Springs Suite 707
Beanshire, HI 72429"
445,882,Randy Kaiser,Fine north campaign bag southern.,8208325978,"703 Jones Manor
Gutierrezview, VA 66740"
446,887,Danielle Mathis,Song offer clear finish popular.,(734)386-2366,"226 Duran Roads
Timothyburgh, WI 62463"
447,891,Jennifer Walsh,Special pretty then interview.,818-853-2054x40042,"211 Valdez Burg Apt. 461
West Michaelmouth, GU 17902"
448,892,Kayla Lewis,Change sing institution situation pretty beat.,(891)231-9709x025,"239 Emily Villages Apt. 210
West Wendy, MA 15322"
449,894,Allison Caldwell,Town consider environmental personal.,001-378-557-0519x3686,"5328 Tiffany Mount Suite 051
Samanthaview, MI 60318"
450,895,Kristen Nielsen,Painting reality now long choice road.,947.425.9950x524,"0951 Bautista Manor Apt. 053
North Spencertown, CO 89846"
451,896,Morgan Harvey,Conference seat traditional drug kitchen.,+1-243-578-4217x6753,"3115 Garcia Underpass Suite 016
Schneiderberg, KS 54671"
452,901,Justin Berg,Level example rich right effort along.,7227280742,"56857 Joseph Groves Suite 583
Hunttown, CT 05738"
453,902,Joseph Morales,Space film it benefit.,663.289.9513,"43714 Sanchez Mountains
Port Lindseystad, CO 61817"
454,903,Kathy Anderson,Issue herself occur move subject peace require sense.,+1-681-764-6607,"322 Richards Oval Apt. 896
West Jamesside, VA 46859"
455,904,Jackie Walton,Personal despite break act life quite indicate.,(487)464-8150x50055,"580 Little Drives
Andrademouth, MH 94967"
456,905,Robert Martinez,Rich environment field subject manage behavior blood.,001-388-571-7802x974,"62711 Warren Lane Apt. 581
Johnsonland, AZ 11275"
457,908,Joshua Nash,Out big college.,001-603-319-1463x41000,"9687 Johnson Forges Apt. 645
Castrofort, PR 63100"
458,910,Karina Gordon,Interesting high account worry threat success.,(410)947-2028x47045,"PSC 6110, Box 4076
APO AP 04163"
459,913,Vanessa Rogers,Run key seem per list poor politics fish.,(465)690-5207x204,"74363 David Roads
Mooremouth, MT 51215"
460,914,Rebecca Spencer,Skin bill agent late question.,819.497.3662x035,"6413 Jackson Vista
Brooksland, MS 39451"
461,919,Amber Brandt,Wait management meeting especially certain until.,001-545-988-5378x168,"77566 Jones Stravenue Apt. 719
South Brandifurt, VA 27121"
462,922,Ashley Giles,Exactly win stuff now herself ready.,580.309.1658,"49493 Carson Freeway Apt. 623
Singletonmouth, FL 83104"
463,923,Alexis Castillo,Name majority low art responsibility artist model.,758-785-4033x4829,"993 Lori Loaf
Colemanstad, PR 86661"
464,924,Paul Wilson,Under oil door end.,+1-556-716-9497,"562 Cooper Freeway Apt. 299
North Russellville, UT 45618"
465,925,Joseph Campbell,Study partner support.,(555)511-8890x7765,"USS Patterson
FPO AP 40389"
466,926,Kristin Becker,Sell reveal hope expect appear machine home.,+1-303-611-9069x4277,"PSC 2988, Box 2693
APO AE 81218"
467,928,Louis Lopez,True admit billion dog such newspaper.,(801)660-5971x998,"468 Mcknight Shoals Apt. 520
Jamesberg, TN 63886"
468,929,Alicia Murphy,Develop camera else same.,551.419.8901x3380,"006 Smith Drive
East Jennifer, MP 19783"
469,935,Valerie Jordan,Prevent customer imagine operation news unit.,(342)782-1971x500,"76480 Price Centers
Youngmouth, VA 20307"
470,940,Susan Wise,Show stage million marriage moment.,+1-413-671-1648x6856,"58462 Howard Greens Apt. 443
Cruzfurt, WY 16620"
471,941,Don Williams,Interview check type student television sell purpose.,+1-777-605-1671x3801,"855 Paul Ville
Lake Tommyfurt, RI 43026"
472,943,Aaron Delacruz,Wrong responsibility class sister year.,(868)319-0027x790,"USNS Hunt
FPO AE 18234"
473,945,Gloria Phillips,Occur which decade start right subject.,590-971-4186x154,"13535 Robinson Knolls
Arellanobury, AS 46933"
474,952,Crystal Graham,Bit century everything hotel.,(217)359-3424x1975,"9312 Brenda Spring Apt. 687
West John, CA 84545"
475,954,Heather Kim,College become image until lose apply else.,+1-554-917-5785x3451,"6608 Alexander Court
East Lisa, FL 84923"
476,960,David Hayes,Look seven south ten.,356-244-7510x51802,"575 Richard Isle Suite 728
New Nicolefurt, PR 39753"
477,961,Linda Sandoval,Message unit much issue rather bad wide politics.,331.847.3172x06439,"35053 Lisa Plain
South Wendyberg, NM 27420"
478,962,Dr. Lori Ferguson,Hard reflect factor speech care may control ever.,+1-958-433-3806x83492,"84084 Angela Mission Suite 625
Sheltonburgh, WY 67854"
479,965,Mary Vasquez,Hot race tax Congress mother show I.,001-289-913-7831x3752,"055 Lisa Roads
Keithbury, IA 32323"
480,966,John Hunter,Join others none toward.,+1-402-872-0138,"459 Brandy Heights
Vazquezbury, GU 10493"
481,967,Denise Huffman,Big option avoid above amount another.,486.669.6811x40850,"Unit 7961 Box 9514
DPO AA 09448"
482,968,Kristen Stanton,Hold sport must born toward bad choose.,001-809-685-8557x5482,"7672 Samuel Dam
New Jason, SD 48925"
483,969,George Davidson,Actually budget long right clearly sit seem environmental.,001-331-736-7014x3304,"06748 Thomas Club Apt. 419
Freyfurt, NJ 27386"
484,970,Kelly Hodge,Message learn apply sell.,226.206.9299,"338 David Tunnel
West Todd, PA 18360"
485,973,Christy Baker,Force thousand hour.,+1-553-906-3497x4013,"138 Jamie Isle Apt. 416
Rogershaven, PW 96709"
486,974,Donna White,Case process page media.,(653)761-3599x5171,"1014 Edward Hollow Suite 997
Port Michaelfurt, GA 49567"
487,975,Jordan Black,Reveal physical arrive few send.,847.630.0130x19061,"118 Debbie Road Suite 566
North Chad, TX 35405"
488,978,Lisa Knight,First wall issue body research real available pass.,(810)544-3588x98524,"113 Mark Landing
Williambury, MO 60412"
489,979,Jo Franco,Step lay just college determine.,766-706-8228x28819,"0067 Darren Pass Suite 461
Lake Jennifer, ND 47523"
490,980,Lindsey Wade,As late pretty.,+1-594-405-6264,"87544 Lynch Square
Bennettmouth, NH 93304"
491,981,Christine Ryan,Material fish development rest.,214-954-2333x596,"072 Davis Villages Suite 390
Espinozamouth, AS 74672"
492,982,Kristin Todd,Section consumer himself represent son bill.,001-757-980-5555x089,"48602 Wise Pass
Melanieborough, NY 09349"
493,983,Dustin Brown,Since whether wish argue but.,+1-476-264-5822x09632,"5340 Stephanie Lakes Apt. 836
Deleonfort, MS 04753"
494,987,Matthew Ball,Resource ask training floor agree tough.,(633)512-3034x7911,"PSC 2847, Box 0878
APO AA 45638"
495,988,Gina Arnold,Sport position resource church treat.,+1-622-657-3786x901,"981 Davis Run
Ronaldfurt, SD 05998"
496,989,Jerry Johnston,For least final discuss soldier skill education hotel.,203.312.7413x84615,"590 Irwin Crossing
South Williamport, NH 36311"
497,990,Amber Peterson,Work short team concern soldier already.,5474775186,"92917 Kimberly Ford
Turnerborough, FM 65748"
498,993,Renee Gibson,Series decade outside war art forget model unit.,001-951-348-7545x692,"75470 Leonard Court
Johnsontown, ID 95114"
499,997,Lindsay Schultz,Describe lay security pay stage either.,(850)667-9510x20187,"37953 Kevin Drives Apt. 470
Elizabethhaven, MO 29318"
500,998,Francis Kim,Later than inside minute billion building friend.,(835)640-4097x1820,"2028 Danny Walks Apt. 327
East Brendastad, TX 32635"
