product_id,product_name,product_description,price
0,tough together_0,Western decide purpose.,453.09
1,special of_1,Manager memory institution firm another.,155.79
2,wait after_2,Lay positive writer fund hundred issue.,208.49
3,me church_3,Party rate religious oil today.,277.8
4,provide produce_4,Left receive figure.,140.99
5,evidence view_5,Clearly letter interview shake boy.,253.66
6,throw stop_6,About suggest final again throughout way most.,427.47
7,once day_7,Way cell under our these book account.,96.99
8,them growth_8,Why away may in field kitchen.,492.5
9,personal entire_9,Air almost month major health particular trial painting.,58.4
10,tell front_10,Religious reduce thousand rule ok.,31.04
11,pressure account_11,Customer center family light culture.,60.32
12,on action_12,Foot Republican than economy.,48.31
13,right off_13,Deep avoid general.,293.49
14,end truth_14,During myself between herself accept summer.,251.17
15,speech ask_15,Expert from way cell thus.,120.57
16,financial want_16,According able across different recently.,348.88
17,program arm_17,Pattern boy account young popular.,31.95
18,officer claim_18,News allow against church few.,372.84
19,kid take_19,Happen reflect wonder single dinner.,184.3
20,newspaper maybe_20,Tree bit as.,411.98
21,option team_21,Long phone painting common realize participant color.,408.06
22,approach building_22,Charge challenge especially remember.,168.68
23,wall world_23,Marriage condition recent task argue lead five.,292.8
24,bed happen_24,Conference everyone now step.,62.21
25,among that_25,Turn there food million nearly order born level.,120.08
26,prove value_26,Suggest analysis stay training.,191.89
27,radio data_27,Rock foot financial instead.,14.94
28,half yard_28,Property tax ask author me three.,217.44
29,camera with_29,Risk public next ability.,165.88
30,impact side_30,Front every state look.,68.58
31,arm gas_31,Bank scientist couple during factor.,194.31
32,minute near_32,Wear between reach health.,286.92
33,listen entire_33,Indicate general able baby dream kitchen rest.,71.05
34,challenge along_34,Ready ten daughter less choice early personal.,399.57
35,possible language_35,Management series send best speak recent.,175.41
36,few hour_36,Over run message information.,266.1
37,his somebody_37,Relate kid minute.,189.77
38,stuff address_38,Me activity camera kitchen back poor learn.,295.14
39,stop maybe_39,Service then low.,384.52
40,individual include_40,Size seem talk effort ability ahead.,135.67
41,industry table_41,Up air parent establish unit.,398.73
42,fine travel_42,Friend win Congress half.,457.69
43,event the_43,Word score life us.,111.99
44,new poor_44,System best body design identify among.,484.01
45,quite training_45,Character indicate sit.,213.49
46,least whether_46,Relate agree blood central.,86.23
47,Republican face_47,Education guess talk state tree popular nor.,154.42
48,two recent_48,Computer for responsibility bad perhaps debate play.,216.38
49,step writer_49,Easy continue imagine visit account.,47.01
50,save window_50,Carry similar score after movement decision.,192.95
51,success admit_51,Owner environmental will about wish.,81.5
52,well specific_52,Hair thought receive idea never.,416.72
53,history create_53,Three give six career.,66.92
54,meet often_54,Bar brother whatever crime against hundred.,213.74
55,nothing traditional_55,Election reality five before economic.,256.29
56,off fast_56,South series type how answer some certain.,68.9
57,line magazine_57,Week suddenly long.,325.09
58,happen store_58,Experience mean cut play teach grow.,78.37
59,show simply_59,Entire much grow major.,212.27
60,support place_60,Customer factor seat conference let idea.,408.97
61,player ever_61,Along pretty much onto.,379.95
62,everything animal_62,Lot teach spring until.,34.05
63,commercial win_63,Budget focus film race.,459.14
64,note stuff_64,Contain serve soon executive understand far.,171.57
65,program summer_65,Trial company realize yet democratic anyone.,184.96
66,million involve_66,Indicate generation personal treatment when wide.,494.24
67,development reach_67,Writer put worker ball.,37.14
68,race every_68,Building sing again medical agreement.,270.9
69,join school_69,Face religious customer knowledge.,133.01
70,set member_70,Movie south you his your middle.,307.05
71,guess evidence_71,Full society every total sea.,232.39
72,until real_72,Drop training phone project identify about Republican.,106.88
73,herself tell_73,Strategy several enough hundred positive along nothing.,248.88
74,factor home_74,Economic prepare tend claim bad nothing.,438.55
75,maybe my_75,Attack west skill turn respond real by.,310.37
76,dinner chair_76,Close truth guy compare example.,94.26
77,part fall_77,College certainly reduce single.,34.74
78,hundred form_78,Set house woman.,415.05
79,international part_79,Fire society according answer kitchen item heart.,423.2
80,how born_80,Style site tell anything return across.,132.12
81,whose turn_81,Get save none.,335.45
82,skill nation_82,Born change feel responsibility such doctor thus.,227.72
83,despite child_83,Meet concern attention administration difficult language.,50.03
84,table know_84,Land professional ready join wonder subject sound.,387.82
85,there color_85,Myself second audience possible recently.,125.78
86,poor child_86,Growth agreement describe president run.,369.67
87,quality once_87,Senior production without plan get garden.,375.53
88,yet product_88,Child return return both all type.,169.96
89,four stage_89,As operation nation call.,291.76
90,natural hope_90,Food interview rate store administration star player list.,261.38
91,natural year_91,Recently shake attorney hit.,92.32
92,operation build_92,Adult example continue vote number.,31.6
93,themselves far_93,Statement best local benefit.,295.13
94,letter thing_94,Case each truth democratic key authority guy.,432.64
95,head mind_95,Record generation decision young thought likely provide.,47.25
96,make way_96,Well TV indeed camera who.,217.14
97,operation step_97,Because hear poor international throughout.,230.42
98,senior whole_98,Ground born word including avoid true.,456.05
99,magazine whose_99,Choice rock hospital feel wide own soon.,26.59
100,career former_100,Well rule report huge kind.,226.81
101,large chair_101,Writer citizen win identify series.,154.67
102,on citizen_102,Generation after cause they early.,128.38
103,our PM_103,Arm chance report.,130.48
104,yes treatment_104,Different information hospital lose add president minute.,140.62
105,room contain_105,World they space size cost born.,491.08
106,long allow_106,Research news decide politics I.,441.12
107,white eye_107,Available right hot we reveal law piece.,380.2
108,other professional_108,Build ago task government east company again.,165.13
109,instead plan_109,Measure account share husband young character.,448.89
110,break prevent_110,Fact painting prevent and.,64.87
111,actually appear_111,Many share start especially.,414.18
112,marriage provide_112,Write two pick serious be nation fire.,51.35
113,rock house_113,Some measure perform.,447.57
114,outside water_114,Serve ask discussion camera.,424.37
115,pretty huge_115,Order operation bring billion media method realize.,163.13
116,cut social_116,Above less talk better pretty.,34.73
117,but direction_117,Son because bill treatment.,286.72
118,international machine_118,Charge stock family stage his short.,218.42
119,street figure_119,Government assume film opportunity once sure second.,389.1
120,door crime_120,Lose yard well determine help range.,432.12
121,network final_121,Future learn population should city.,347.02
122,allow water_122,Source science wonder would positive consider.,446.04
123,white note_123,Third year cell medical heavy.,100.93
124,present occur_124,Apply about loss.,301.98
125,share political_125,Full worry explain trial.,89.15
126,final wait_126,Direction ability door during write would force.,207.99
127,case science_127,Buy space reality draw let wear visit.,57.46
128,open partner_128,One some other great market.,17.31
129,sometimes why_129,Local partner growth boy do fact onto.,128.7
130,him seven_130,School high professional size we.,98.53
131,service high_131,Reality everyone cup wish.,27.65
132,guess production_132,Education body save.,276.16
133,per computer_133,Instead water interesting behavior central Republican determine.,78.37
134,maybe power_134,Own three pretty interest might.,478.75
135,magazine while_135,American again past difference.,31.43
136,mention democratic_136,Want girl firm ever lead provide face.,69.99
137,manage sing_137,School nice particularly whether many evening.,133.44
138,a note_138,Agree west sometimes responsibility southern service as.,479.38
139,according government_139,Public huge sometimes remain evidence get land.,238.34
140,situation well_140,Travel debate traditional night authority.,438.32
141,mother claim_141,Similar pay professional return plan recent.,388.61
142,significant take_142,Guy grow turn house experience them.,414.55
143,society my_143,Hold common write I me activity.,336.42
144,view son_144,Always west role tree thousand wall.,367.21
145,detail data_145,So to animal statement we.,222.67
146,writer option_146,Field social similar government institution future.,79.05
147,onto party_147,Forward can itself stuff statement.,329.75
148,return result_148,Happy grow necessary practice.,277.84
149,agent yourself_149,Science material turn such public.,245.75
150,list fine_150,Nearly stay property million community article recent go.,491.54
151,grow at_151,Our young pressure until bank its now.,443.27
152,either experience_152,Peace question can interview born.,365.81
153,capital class_153,Base discussion crime thousand.,479.87
154,beautiful take_154,Member majority strong whether assume quickly.,392.86
155,partner on_155,Teach call head east agency will.,125.37
156,three away_156,Administration production fish grow trade at.,285.23
157,air project_157,Too practice stand city.,202.52
158,house position_158,Forget my marriage government south wish.,142.09
159,like design_159,Size lead yes Mrs sound.,31.72
160,civil drug_160,Organization now more.,402.02
161,eight special_161,Manage behind sing real.,90.17
162,hear worker_162,Agreement for experience relate style.,14.3
163,close seem_163,Region television off assume term more ago.,425.63
164,yard station_164,Measure charge name bad event go.,91.75
165,wife address_165,Off visit color pressure.,168.3
166,west consider_166,Or after firm country cold national guy everyone.,394.73
167,watch front_167,Right at blue hold small.,34.35
168,list program_168,Buy task lay deal foot task.,93.71
169,bit detail_169,Feeling recently official sense.,117.57
170,recent major_170,Similar clearly guy determine style yet mention.,454.28
171,eight dark_171,As analysis high take skin.,76.58
172,Congress must_172,Kid fire relationship end.,234.65
173,imagine hot_173,Leave radio clearly option approach blood.,72.3
174,player help_174,What box together word record.,455.51
175,fall later_175,Best whether change continue also buy painting.,178.76
176,campaign power_176,Represent he government.,179.8
177,president night_177,Skin event low structure conference company seat military.,67.41
178,be hair_178,Kid who security car.,287.15
179,though speech_179,Most medical news reality fact recognize.,287.91
180,environment along_180,On off chair past.,284.45
181,summer next_181,Eat consider enough especially wind ground current.,32.78
182,something age_182,Color future be plan purpose lot example.,245.59
183,necessary require_183,Race wear news management above teacher.,53.18
184,staff return_184,Bill life morning across particularly pattern.,393.48
185,administration action_185,Admit course authority husband yet power security.,493.78
186,simply painting_186,Our group example shoulder third build beautiful.,66.81
187,main play_187,South even improve TV interest of put chair.,250.4
188,tree huge_188,Perhaps yes measure toward seat determine role.,272.52
189,him writer_189,Save talk may us assume just.,474.96
190,choose others_190,Shoulder from still about manager guess.,21.57
191,couple national_191,Recently recognize campaign whose office modern.,410.86
192,sing type_192,End push despite deal.,361.93
193,little by_193,Center dark citizen civil day star that.,431.03
194,establish wife_194,Too role task game.,426.67
195,son check_195,Form night off voice drop outside.,439.03
196,party five_196,Above movement low protect section deep.,34.24
197,in low_197,Everybody just top even house.,71.95
198,dog best_198,Involve exactly five two against long say.,368.51
199,Congress summer_199,Doctor seek Mrs piece many.,116.46
200,management meet_200,Leave fall space hundred.,381.57
201,mind also_201,Leg wish floor drug wide loss.,390.02
202,class change_202,Case everybody change line thus drop.,156.8
203,easy event_203,Yourself night authority girl dream pull.,50.23
204,oil late_204,Bit school who region government at.,320.4
205,up they_205,Chair trial sure million father expect trial hair.,16.97
206,back accept_206,Environmental set class control.,379.79
207,friend worker_207,Its stand world song finish eat middle.,119.16
208,hear hotel_208,Example news clearly debate.,77.66
209,as artist_209,Citizen spring entire sometimes front more.,324.44
210,prevent road_210,Head especially condition travel century role suffer.,178.13
211,individual form_211,Mean drug certain style about sit.,474.01
212,like easy_212,Beyond time music make its need form.,180.03
213,state early_213,At third direction history her example.,224.9
214,particularly employee_214,Put red prepare science.,445.17
215,space dark_215,Almost drug peace.,362.65
216,customer anything_216,City support his across blue way.,365.34
217,green run_217,Chair represent role idea.,212.05
218,mind move_218,Standard skill fear throw data.,411.09
219,cultural west_219,Picture clear score anyone subject.,216.86
220,Mr special_220,Plant necessary treat with.,137.01
221,director budget_221,Behavior sit reduce positive against effort usually result.,407.2
222,response without_222,Customer will fight outside increase president.,342.1
223,whether somebody_223,Establish find prove dream strategy community into establish.,41.8
224,position international_224,Sport what election environmental war.,276.26
225,project star_225,Include seat later decision whole sister.,299.22
226,glass job_226,Although article whose far need.,270.86
227,hot item_227,Support serve detail partner seek attorney card thing.,92.55
228,story decide_228,Green president movie low look nation.,413.31
229,series station_229,Goal our want citizen hand outside bit pattern.,343.07
230,evening couple_230,Morning interesting pull send.,217.17
231,four body_231,Seek statement year it major.,469.13
232,bill dog_232,Wall certainly yard stand.,75.01
233,energy late_233,National beautiful book once.,274.41
234,staff church_234,Popular change summer trial at Congress.,301.35
235,learn character_235,Herself senior break.,321.19
236,single daughter_236,From difference especially air available last find catch.,447.92
237,risk attack_237,Public push themselves seat begin really.,160.66
238,involve ahead_238,Far both know score audience.,11.14
239,or rather_239,Use west throw region.,80.83
240,nice decision_240,Around budget south must.,337.27
241,mission body_241,If offer way she.,372.41
242,with inside_242,Travel minute through rest.,449.73
243,few event_243,Again professional people build watch interview we.,462.59
244,recently note_244,Left create know great.,455.59
245,loss cultural_245,Standard who not future girl bit.,270.81
246,great media_246,Television pattern return family maybe.,135.53
247,field wall_247,Form those training artist store anything stage.,495.77
248,camera everything_248,Us others product world heart along career.,70.35
249,same happen_249,Move edge after.,223.59
250,need door_250,Guy outside put.,28.47
251,part news_251,Step market term national north population.,170.82
252,nature check_252,Girl travel site prove rise government hold.,356.06
253,my edge_253,He positive hour during firm in.,165.81
254,early wrong_254,Everybody or reason seven.,235.27
255,about sell_255,On bag it front kid enter word.,14.85
256,campaign administration_256,Wear couple memory maintain too wish.,484.15
257,even enter_257,Lay top spring.,161.31
258,even end_258,Lawyer true do.,399.63
259,bring card_259,Read assume outside federal behavior.,275.49
260,trade worker_260,Practice religious report.,339.74
261,character reach_261,Car product push center mission kitchen interesting.,13.53
262,somebody could_262,Write you collection my understand spring air.,327.77
263,choose who_263,Effect action agreement tell collection civil.,53.74
264,music part_264,Idea production fall report provide drug air.,308.94
265,between you_265,Forget though somebody society bar quite difference.,314.72
266,important down_266,Too defense particular southern brother plan.,304.62
267,without form_267,As able fill foreign end range raise music.,94.9
268,their film_268,Add over fight court.,130.98
269,purpose blue_269,Can majority clear safe purpose be office eye.,221.79
270,PM structure_270,Specific least we left third keep test face.,165.28
271,rather back_271,Suddenly however leg any or some attorney us.,328.67
272,these lay_272,Listen carry hold business as.,296.38
273,difficult receive_273,Conference present boy turn election tax force matter.,93.03
274,carry material_274,Keep scene face enjoy language beautiful drug.,496.53
275,hot he_275,Seven husband he personal station dream.,297.99
276,arm certain_276,All watch upon hope.,459.78
277,determine specific_277,Appear style traditional face operation.,320.59
278,agreement cup_278,International foreign back fill international.,327.89
279,door build_279,Describe cause remember leg question administration discover.,86.85
280,speak across_280,Sing push best activity.,247.22
281,support hope_281,Purpose believe young.,44.91
282,consumer then_282,Every yard compare article environmental wind again party.,316.67
283,avoid it_283,Education establish ready yeah dinner.,343.18
284,network break_284,Than foreign recent Mr environment.,169.57
285,him top_285,To they these training television hot.,494.23
286,player expect_286,Audience economy remain finally around.,161.53
287,reflect north_287,Project Republican finish some between size fear.,219.04
288,adult teacher_288,South today religious.,25.08
289,leg vote_289,Eight book my generation.,229.37
290,white wear_290,Suggest open race myself prevent woman.,377.42
291,father partner_291,Measure expert it.,439.51
292,bag public_292,Act recently someone station view energy training.,379.76
293,term get_293,Amount process no authority put would.,244.63
294,knowledge quality_294,Operation myself right gun exist almost.,13.3
295,theory cold_295,Arm either view.,154.98
296,head a_296,Woman foreign require entire whether fear.,480.86
297,yard thought_297,Doctor between recently each agency.,447.81
298,take involve_298,Religious into true page though necessary even.,212.28
299,less coach_299,Future here term century cold.,216.67
300,enter media_300,Away where newspaper report soldier.,408.91
301,among analysis_301,Box modern political.,113.92
302,concern recently_302,Fire hospital pick popular while enter here.,83.1
303,center force_303,Time indicate physical friend key where upon.,117.18
304,policy sea_304,Skill street edge final movement.,218.19
305,court cause_305,Work it citizen exactly really customer either.,408.9
306,for yourself_306,Beyond wide daughter structure whose.,186.32
307,certainly same_307,Kind season society reach tax throw.,127.56
308,lawyer address_308,Citizen TV fact several.,349.83
309,price member_309,Song site spring rule sit source.,329.23
310,wall set_310,Detail their four system room account.,281.93
311,receive law_311,Apply term her over.,31.37
312,garden mind_312,Time tell thousand skill in fear.,108.58
313,help choose_313,General else various tonight once.,278.52
314,order best_314,Doctor head stop citizen.,357.67
315,book baby_315,Before member radio wait Republican action theory mother.,427.56
316,word huge_316,Into and participant bill operation.,433.43
317,morning collection_317,Walk sense apply city window good direction.,133.92
318,official movement_318,Gas game day ok subject hold what.,243.55
319,improve candidate_319,Could improve your research.,125.4
320,night policy_320,Share large claim because attorney business own describe.,365.83
321,information federal_321,Top fly because fall cell raise.,166.19
322,most behind_322,Town send board up.,167.58
323,a structure_323,Structure theory detail argue bad.,226.96
324,music recognize_324,Congress media appear create.,28.45
325,vote firm_325,Instead serious him too.,262.33
326,study same_326,Town customer while police list body senior information.,473.9
327,necessary increase_327,Car rise sign fire huge research.,57.61
328,address government_328,Ten technology officer company.,43.21
329,power local_329,Central yet grow she instead toward book.,392.14
330,half mention_330,Society page local would.,483.14
331,public reflect_331,Pull crime difficult nor true no partner.,60.93
332,positive miss_332,Myself church better law.,123.0
333,can rock_333,Alone else lead around.,33.81
334,them site_334,Move agent fine analysis month tough magazine authority.,159.5
335,program positive_335,War owner best make baby analysis.,226.63
336,phone drive_336,And song pay wish rock whom writer.,476.75
337,watch trade_337,Artist kitchen discover physical office product nor.,441.74
338,he also_338,Event speech exactly nation.,254.71
339,employee feeling_339,Value be I above.,315.13
340,keep thought_340,Media entire send enjoy surface.,310.15
341,us world_341,Lose road may avoid under make.,443.54
342,very there_342,Include media recognize start.,273.3
343,analysis glass_343,Fear remain throw meet organization foot.,104.14
344,physical character_344,Green camera audience choose they.,136.93
345,late east_345,Against book rock bring most.,110.03
346,dinner despite_346,Data candidate administration trouble care trial whole.,135.04
347,safe hospital_347,Per across late.,179.12
348,quite record_348,Adult person serious left issue.,428.03
349,beat shake_349,Investment prepare budget go wait relate soon.,434.95
350,see likely_350,Painting let go left happy beat.,267.55
351,than describe_351,Military support bring visit.,152.4
352,watch paper_352,Despite design list hit.,306.8
353,bill occur_353,Who by unit return.,266.74
354,population ask_354,Actually him manager give away security.,196.73
355,sometimes ago_355,Budget spring rule growth bit happy.,26.22
356,else miss_356,World health call.,305.18
357,thing anything_357,Central week him ahead thank tree where.,320.42
358,direction rich_358,Star impact action carry lay space.,22.5
359,color they_359,Teach final increase direction happen fight seek significant.,443.07
360,course especially_360,Large since rock maybe hour listen.,72.57
361,after ask_361,Expect ready perhaps skin pressure general.,269.75
362,show sit_362,Teacher where degree yard.,439.67
363,involve treat_363,Forget seat Mrs specific never.,126.69
364,finally research_364,Interview away child provide.,37.92
365,party discover_365,Condition wife positive against lot bit.,473.33
366,be in_366,Nice hard total sometimes myself surface.,484.26
367,material reduce_367,Impact social ability help east outside range party.,194.53
368,court skill_368,Present environmental next firm two executive.,32.83
369,laugh west_369,Also space American market collection finish do its.,14.97
370,early girl_370,Reality campaign fight attention treat sign also.,36.49
371,past piece_371,Behind arm detail let large answer although.,263.61
372,important attack_372,Remain develop per market happen subject west.,420.32
373,will officer_373,Either imagine medical out certain.,160.9
374,Mr kind_374,Page wall ground sense.,83.57
375,party natural_375,Laugh sea total friend.,109.17
376,thus animal_376,Fine smile first.,118.63
377,member company_377,Start forward condition talk.,24.27
378,quite hot_378,Dream customer travel yourself.,481.11
379,at beat_379,Structure law blue sister thing significant.,434.42
380,cut child_380,Stuff provide site color nothing.,10.46
381,big Democrat_381,Some oil let.,278.16
382,no throughout_382,Condition old hit rule ever administration long.,285.05
383,they economic_383,Today state never understand project clearly contain.,44.73
384,necessary loss_384,Per chance trip difficult base away.,204.15
385,miss hot_385,Plan relationship throughout among.,29.65
386,better owner_386,Company drive since make.,336.53
387,seat before_387,Themselves something his create join.,435.61
388,major trade_388,Nice last between participant sound strong identify.,165.7
389,occur successful_389,Plant be travel everyone.,414.47
390,impact really_390,Middle instead picture gas heart think.,298.36
391,score happen_391,People gas major measure society think power.,245.63
392,recently and_392,Open stuff strong push include deal beautiful girl.,418.4
393,over doctor_393,Lot over answer hard citizen throughout would go.,339.98
394,road office_394,Agreement word may high wrong.,13.69
395,pay whole_395,Way meeting news hotel develop strategy.,453.89
396,front girl_396,White work indicate generation.,309.15
397,manage west_397,Truth pressure society record war.,28.21
398,consumer face_398,Only these he class what loss true.,422.7
399,exactly Congress_399,Letter mother sport hair.,388.16
400,more talk_400,Event wrong fall girl peace.,231.41
401,early feel_401,Return wind bit care tough large blue company.,368.96
402,head face_402,Them ability teacher well.,481.32
403,become event_403,Material work common north provide and.,426.55
404,stop newspaper_404,Wife treatment individual.,92.19
405,onto for_405,Receive customer pattern center those role there.,223.11
406,institution response_406,Recently seem author also environmental ago office.,154.39
407,agreement ability_407,Although course both wrong enter.,207.43
408,mother my_408,Area however live rule.,227.49
409,parent subject_409,Cost fish enter law.,250.66
410,professional if_410,Economy road fine buy.,96.71
411,get resource_411,Sport movement voice customer skill.,166.84
412,black area_412,Note international until art sing letter.,450.29
413,tonight blood_413,Source stay reason point.,476.74
414,myself open_414,Chance outside authority trip nature computer.,282.19
415,within practice_415,Body new radio trade west.,81.78
416,child condition_416,Interview method will at office toward design.,216.42
417,itself that_417,Pass relationship good few memory learn.,318.92
418,size full_418,Husband above even old strategy.,139.39
419,firm relate_419,Campaign never whom light draw war.,84.49
420,key morning_420,Decision lawyer three describe notice public.,36.18
421,Mrs chair_421,Rock radio talk young probably change.,323.53
422,budget century_422,Culture allow task probably phone religious purpose.,333.11
423,quite trial_423,Determine suffer election notice capital feeling.,90.96
424,bar when_424,White cold similar line.,400.94
425,effort line_425,Grow boy speak skin song left little structure.,264.08
426,language like_426,Science leg allow situation firm.,494.82
427,defense similar_427,Exist only probably pull where now.,401.44
428,citizen a_428,Western really themselves cover cover reason now.,468.71
429,benefit behavior_429,Why forward foreign.,463.1
430,term find_430,Authority could whom network seek.,257.33
431,suggest throw_431,Bed wish seat scene partner contain whatever.,233.19
432,similar occur_432,Simply south career.,249.99
433,hope her_433,As great minute entire already.,168.63
434,Mr single_434,Again represent take hope after dream.,327.25
435,tonight key_435,Debate market citizen recently.,149.04
436,environment newspaper_436,Suggest almost system medical white middle.,269.76
437,sign west_437,Market think service food.,348.39
438,article yourself_438,Unit check she feeling worker.,334.06
439,else camera_439,Think challenge near phone fact news.,177.71
440,somebody institution_440,Pressure firm manager conference nature certainly.,475.62
441,none three_441,Political way need grow.,101.02
442,firm American_442,Each task situation simply that garden off before.,179.02
443,alone natural_443,Discussion shoulder school under.,89.03
444,church woman_444,Some successful throughout view analysis per work.,121.34
445,husband another_445,Test school sport.,481.63
446,must put_446,Too enough fear give story security good.,358.71
447,view mention_447,End something serve crime participant cell two.,14.01
448,society against_448,Pattern sure section democratic.,97.2
449,learn book_449,Evidence within edge news station.,163.04
450,leader indicate_450,Draw similar sell.,183.72
451,but ten_451,Including it seek behind.,252.07
452,president very_452,Or free by organization.,82.63
453,feel night_453,Stuff owner series certain choice.,415.73
454,outside human_454,Onto middle almost suggest whether.,278.4
455,mind want_455,Her character whom manager cell foot despite.,109.26
456,reveal including_456,Fish sister health risk voice window husband.,165.25
457,million you_457,Trip election mouth but.,341.94
458,gas effect_458,By me region effect Republican use.,225.65
459,service leader_459,Believe build change ago name.,296.24
460,ok manager_460,Energy pressure finish democratic.,366.83
461,trouble film_461,Oil much several no election.,129.8
462,force call_462,No room arrive American reach visit compare.,183.15
463,go today_463,Within make need eat traditional ever.,415.26
464,space tough_464,Determine military individual whole.,198.38
465,its skin_465,Stuff democratic cost quality.,252.01
466,ten official_466,Bill job painting soldier yourself manage.,182.94
467,product land_467,Group hospital personal even business return together.,493.41
468,before grow_468,Wait nearly task role should Republican.,172.82
469,three thing_469,As their data behavior direction.,285.66
470,commercial since_470,Could seem audience natural see.,226.82
471,American practice_471,Reduce happen oil reality believe note together property.,174.6
472,guy sort_472,Outside radio two part church food.,280.07
473,difficult draw_473,Red hotel minute family among feel protect.,177.69
474,participant thus_474,Often better history majority view hit story.,41.83
475,glass perhaps_475,Son church share up wish.,34.61
476,stop agency_476,College home pay successful evidence beyond news.,68.46
477,money herself_477,Billion decision factor.,315.86
478,task production_478,She growth feeling.,75.75
479,activity it_479,Thing similar watch test science.,196.94
480,save pass_480,Fish fund trade difficult tough something trip modern.,292.26
481,worker reduce_481,Industry contain majority few way.,161.49
482,fear claim_482,White someone finish fill operation environment.,459.5
483,expect stop_483,Long music never yeah collection his office.,177.95
484,apply ability_484,Crime look scientist issue movement.,112.04
485,draw contain_485,Writer major put same manage.,498.08
486,tell relationship_486,Could Democrat somebody sometimes stage economy.,415.38
487,may bill_487,Bit with charge think home blue hundred mother.,48.71
488,another direction_488,Follow land smile plan be.,471.73
489,inside current_489,Ready behind say after success.,402.29
490,edge final_490,Test entire hundred computer capital fine believe only.,425.45
491,above product_491,Sort less far much company.,467.73
492,spring Mr_492,Material such attorney professor marriage heart.,361.36
493,second policy_493,Safe yeah forget man conference around rather.,153.06
494,step their_494,Board floor car soldier candidate hotel.,65.99
495,prove develop_495,Serious its knowledge give fall least.,323.33
496,nice hotel_496,Send sell clearly increase there high discuss.,177.66
497,behavior picture_497,Popular worry smile doctor high environment.,257.4
498,range artist_498,Morning growth real financial several of type.,249.71
499,million material_499,Month cause above consider together.,102.04
500,well bit_500,Build likely respond support middle issue citizen.,28.37
501,front which_501,Image down minute course name least.,428.97
502,support lay_502,Face eight clear movement father.,111.15
503,your bill_503,Some ask economy moment yourself benefit heart mission.,54.67
504,shake season_504,Return different Mr pass.,409.97
505,into right_505,Run firm left project seek key accept.,180.44
506,low any_506,Require practice dinner recently high drive.,288.18
507,it ready_507,Interview author grow maybe present theory grow.,50.86
508,garden black_508,Brother hold see need.,404.43
509,school peace_509,Head life mission school series energy break control.,449.41
510,trip economy_510,Direction wrong treat night eye someone.,154.34
511,rest commercial_511,Any economy writer story.,201.92
512,while firm_512,Fund boy age seven.,325.49
513,soldier compare_513,Student lot nice recognize present mission what.,247.15
514,bad own_514,Degree pressure against personal head purpose.,374.98
515,pay same_515,Reveal trial clear.,317.45
516,share a_516,Bring very save.,139.1
517,back describe_517,Necessary lawyer south great lawyer hold.,296.34
518,forward wind_518,People investment gas note hard bar.,70.62
519,let subject_519,Various contain to.,249.39
520,speak serious_520,Tell field action society nature PM.,432.24
521,once rock_521,Evening challenge film fact very fish.,210.9
522,allow people_522,Right ever group.,425.66
523,around account_523,Some sport front information get suggest product.,231.75
524,pass important_524,Community bank letter single from act raise.,230.85
525,modern less_525,Bit impact sea near it a stand score.,15.18
526,race policy_526,Require cause hand position.,232.18
527,while skin_527,History voice assume she for thus.,333.04
528,deal herself_528,Parent network success dream design.,463.72
529,war series_529,Many drug through their firm official course offer.,434.9
530,simply charge_530,Set into forward could suddenly whole person rule.,166.98
531,call growth_531,Drop do boy report society.,311.99
532,teach mention_532,Or board pull military political hot.,102.96
533,one will_533,Sort walk almost upon ready ok wait.,120.16
534,project wonder_534,Despite drug effort wife and.,274.25
535,building model_535,Sure better act physical they cause operation.,434.05
536,north since_536,Prevent police significant whole.,74.97
537,news explain_537,Enter nation into reflect too.,149.22
538,apply movie_538,Behavior school analysis parent as.,32.63
539,year prove_539,Newspaper environment role model fly.,119.44
540,beat allow_540,Music million benefit say dark herself general.,410.18
541,tonight such_541,Pm two I age safe woman good second.,116.07
542,stage choice_542,Along occur sure specific.,80.72
543,civil inside_543,We memory serve music probably arm.,359.68
544,sense analysis_544,From popular buy such avoid say.,247.78
545,example later_545,Then recognize relate behind whatever car.,64.89
546,treatment change_546,Before to everybody history.,179.27
547,at bank_547,Those country relationship century.,122.25
548,building score_548,Range determine audience first hard item skin.,244.98
549,meet common_549,Camera population story ready federal office charge.,68.4
550,six huge_550,Actually window close leave.,445.94
551,education note_551,Step road able popular explain.,369.16
552,throughout example_552,Defense pass least challenge mouth stage.,89.97
553,security outside_553,I civil however many pretty.,240.02
554,their really_554,Participant accept ground common.,97.84
555,require relationship_555,Rise tell call.,398.34
556,around less_556,Court turn notice money meeting though smile.,438.92
557,hotel some_557,Offer knowledge outside cell.,357.03
558,single read_558,Suddenly life society.,266.96
559,end free_559,Current agency class less.,337.94
560,leave coach_560,Give phone daughter hope.,395.07
561,past deep_561,Poor house left century.,16.54
562,car life_562,Size grow group finally design also ago.,357.9
563,than take_563,Work me under suggest way sell represent give.,454.19
564,bag white_564,Culture all anything family hotel factor continue rate.,105.56
565,challenge budget_565,Red play right I arm color.,260.99
566,Mr hot_566,Debate board story him series.,315.53
567,kitchen president_567,Produce no remain difference.,355.61
568,around check_568,Trouble indicate in interest factor recently every.,226.33
569,last lawyer_569,Idea effect upon single beat area service.,82.93
570,discover enjoy_570,Old would goal large.,265.42
571,realize structure_571,Care just when score.,147.18
572,small until_572,Improve brother time idea.,361.21
573,exist history_573,Actually few doctor difficult before.,361.67
574,imagine even_574,How really major article common direction campaign.,31.01
575,rate build_575,Paper court through listen time other.,160.54
576,member training_576,Itself pull take list speech despite.,266.51
577,industry society_577,Difference range apply society.,231.14
578,someone house_578,Forget away must million especially.,125.78
579,occur term_579,Claim us conference often.,304.65
580,mother capital_580,Girl radio truth purpose.,306.09
581,woman environment_581,Consider machine human position above capital become stand.,78.7
582,its sing_582,Take chance five practice production.,419.64
583,six second_583,Lawyer reach change stock life then.,263.12
584,whether none_584,Idea over store his maintain wide fire.,368.99
585,leg save_585,Head standard strategy.,298.75
586,anything hand_586,Same lawyer into very.,215.33
587,against Mrs_587,Treat group public son believe.,48.88
588,economic son_588,Support past discussion black.,134.2
589,operation contain_589,However author heart leave source nothing old usually.,252.92
590,reveal understand_590,Artist surface eye style consider.,327.08
591,yes wife_591,Campaign tend right dinner over exist.,53.56
592,accept number_592,Performance add collection green area physical hospital.,260.02
593,plan from_593,Music capital political work around.,177.24
594,Democrat concern_594,Movement bank interesting.,223.84
595,southern store_595,Technology national total bad hard.,205.15
596,free often_596,Help political choose.,444.7
597,amount effort_597,Animal mind expert model training traditional pay.,357.91
598,owner century_598,Item speech per year large mission.,162.75
599,deal performance_599,Mention pass several.,489.89
600,minute compare_600,Ready ball need already position.,212.82
601,run country_601,Medical purpose administration some language respond.,327.06
602,six explain_602,Century picture citizen remain.,466.19
603,peace reflect_603,Yes however rate.,447.73
604,country almost_604,Establish create lot security.,60.17
605,bad husband_605,Teach sound election beautiful card tree.,63.53
606,eat Mrs_606,Begin book politics manager dog action.,119.66
607,something source_607,Hair style but food rule side.,202.3
608,carry subject_608,Guy true especially while raise.,197.31
609,system kind_609,Especially spring sea.,311.83
610,leave any_610,Environment dark wish ask article.,315.43
611,good often_611,Support as raise father.,305.21
612,possible note_612,Could after big born drop.,228.97
613,commercial theory_613,Expect check ground participant land early.,110.97
614,product blue_614,Fill according section paper law.,440.79
615,from keep_615,Season about really fall last capital happen.,90.3
616,individual how_616,Market reflect radio pattern remain seem shake.,379.0
617,behavior half_617,Key surface we agent artist.,150.71
618,every once_618,Partner build quality at require board again she.,407.41
619,successful reality_619,Around very degree former guess early.,244.42
620,health security_620,Soon develop collection check customer decision determine.,431.23
621,step now_621,Up really response involve husband interview poor.,182.33
622,low hold_622,Low your policy expert above kitchen station.,120.9
623,bank cell_623,Interest learn less.,188.41
624,employee near_624,Morning high fire mind sound activity society.,157.17
625,wait together_625,Economy international authority less.,140.92
626,back concern_626,Foot result action anything owner about fear space.,231.77
627,challenge half_627,Involve likely west amount task fire the.,94.58
628,but thing_628,Foot inside including follow firm seat.,392.67
629,notice sound_629,Skill partner begin serious Mrs market road interest.,164.04
630,arm film_630,Nor leave property walk billion per tell herself.,189.34
631,mouth difference_631,Hope practice half that sort school measure above.,451.86
632,marriage Republican_632,Really type beat effect camera oil.,471.57
633,citizen night_633,Ready when side opportunity drive.,399.62
634,deal baby_634,Hope public myself history box his.,214.7
635,man law_635,Loss short interesting better research.,89.67
636,piece water_636,Measure entire page.,160.45
637,run break_637,Where happy dream himself image policy.,11.01
638,common large_638,Election morning stuff center when record.,46.67
639,condition several_639,Positive end accept.,75.48
640,make too_640,Task student certain key research night not.,76.91
641,what turn_641,Local pressure authority air far bank song blood.,396.65
642,stop rather_642,Dog again alone should recent week.,266.05
643,reach charge_643,Stand child eye suddenly score.,112.93
644,painting participant_644,Focus various strong every author.,126.24
645,institution defense_645,Reality democratic much fact.,312.92
646,floor important_646,Sometimes moment treatment smile.,154.69
647,city central_647,Next official impact page environmental smile do.,329.8
648,beautiful address_648,Trip yard can let staff trouble relationship too.,426.6
649,north detail_649,Behind than tax high hold alone.,494.57
650,design list_650,Hit prevent employee themselves huge I.,80.81
651,onto federal_651,Doctor why expert law.,61.76
652,size management_652,Body board region factor agency about security.,287.28
653,feel specific_653,Response range despite single accept.,320.78
654,hospital weight_654,Explain thus drop relationship energy owner.,150.11
655,ability street_655,Human add herself law.,50.1
656,can degree_656,Account lay high.,228.92
657,middle of_657,Check sign candidate star blood reveal.,491.75
658,floor because_658,Heavy before television.,420.23
659,too continue_659,Read him require over sing.,16.85
660,class pass_660,Quality opportunity police low exactly short magazine.,35.38
661,raise necessary_661,Each truth role piece build official.,221.62
662,high conference_662,Show product yourself cost.,134.14
663,it usually_663,Shoulder official history practice human big.,441.99
664,Mr themselves_664,Animal report evening because large product type major.,99.68
665,public fire_665,Thus act around write perform someone relationship girl.,342.94
666,let between_666,Car herself put research general organization mention lay.,235.0
667,operation professor_667,Sit feel water tough simple.,451.81
668,factor sort_668,Ahead outside maintain serious leg practice.,242.78
669,in senior_669,Man each from lead.,176.6
670,share mention_670,Program start receive door smile plant reality.,29.01
671,reality perhaps_671,Speak likely fine approach full carry hospital.,16.01
672,hour doctor_672,Have suggest pick face challenge.,414.61
673,travel sport_673,Population represent fast research should.,256.45
674,prepare book_674,Risk sense simple reduce money.,215.71
675,identify government_675,Despite degree hear nor or.,302.63
676,win social_676,Military stop out laugh.,487.71
677,environment several_677,Fight reach live work southern.,482.83
678,experience young_678,Art have perform since main most.,119.57
679,produce house_679,Knowledge manage debate north.,29.0
680,into season_680,Later myself everything lead away.,42.11
681,six type_681,Draw cultural spend play against might country.,266.71
682,responsibility nothing_682,Price decision professional loss school.,245.13
683,magazine fast_683,Guess board executive most.,241.92
684,indicate form_684,Machine cup few sea.,318.08
685,picture TV_685,Information TV admit lawyer community upon around.,189.56
686,board southern_686,Kitchen hospital throw myself continue perhaps.,358.04
687,moment oil_687,Prove bag former themselves half.,226.73
688,film along_688,Benefit hospital audience of.,81.83
689,certain involve_689,Apply money statement around find cost event from.,38.49
690,election improve_690,Some theory director almost air skill.,141.49
691,assume rule_691,Available draw develop security drug machine decade finally.,303.29
692,hair maintain_692,Apply house here operation none marriage practice cause.,491.84
693,cell popular_693,Cover million anything soldier.,443.17
694,let guess_694,Individual task sea nor suddenly.,239.32
695,order early_695,Form everybody environmental me have either on.,388.53
696,my hour_696,Fight risk might ten professional need painting major.,61.73
697,your memory_697,Wait on executive mouth level.,275.77
698,measure better_698,Skill health single behind Democrat.,352.78
699,tax stock_699,Condition business stage determine.,35.72
