seller_id,user_id,store_name,store_description,contact_info,address
0,10,Edwards-Davidson,User-friendly even-keeled emulation,001-666-955-1657x970,"6993 Thomas Street
Brittanyport, WI 33354"
1,11,Duran-Cuevas,Advanced exuding capability,380-506-2811,"01181 Kyle Road
Heidistad, OR 21969"
2,12,"Powell, Elliott and Garcia",Seamless dynamic Internet solution,747.421.1751x7918,"819 Soto Gardens Suite 262
West Alexandra, UT 44203"
3,13,"Stevens, Rice and Caldwell",Object-based non-volatile adapter,001-771-324-9932x6950,"3877 Hebert Mountain
South Margaretside, DC 99941"
4,21,"Tucker, Schmidt and Young",Switchable interactive moratorium,619-613-8295,"460 Bradley Park Suite 340
South Erikaland, VT 41643"
5,23,Rogers and Sons,Enhanced responsive moderator,001-686-512-1447x8772,"679 Morales Street Apt. 994
East Emilytown, NH 77301"
6,26,Savage-Clark,Quality-focused system-worthy customer loyalty,634.736.8265x7220,"785 Jeremy Lock
West Lauraville, OK 88895"
7,29,"Medina, Mcdonald and Carter",Multi-lateral system-worthy secured line,498.218.9564,"403 Curtis Locks Suite 325
East Tamarahaven, RI 10875"
8,31,Ray Group,Implemented reciprocal complexity,258-886-4689,"842 Glover Shoal
Johnbury, IL 82857"
9,32,Jones-Harris,Quality-focused discrete circuit,+1-511-493-2358x539,"549 Wilson Key
Ballport, NV 28210"
10,33,Evans Inc,Adaptive non-volatile hardware,001-310-560-1950x90093,"319 Stacey Club Suite 814
North Adrianmouth, NJ 04570"
11,34,"Simpson, Estrada and Smith",De-engineered 6thgeneration utilization,(592)938-5773,"6180 Church Trail Suite 232
South Valeriefurt, IA 37176"
12,39,Levine and Sons,Triple-buffered optimizing definition,+1-320-552-1701x970,"72014 Carlson Field Suite 657
Lake Janet, HI 60233"
13,42,"Hudson, Lopez and Thompson",Triple-buffered full-range parallelism,001-418-953-3831x14940,"150 Stacy Street Apt. 892
Navarromouth, KS 36075"
14,43,"Anderson, Collins and Jimenez",Face-to-face content-based Internet solution,(981)325-4704x337,"2810 Amanda Gateway
East Carol, FL 44139"
15,44,Harvey Ltd,Face-to-face bi-directional migration,636-470-4950x890,"96857 Gross Center Apt. 485
South Jessica, DC 84003"
16,45,Clark-Moore,Vision-oriented incremental moderator,(810)891-8841,"8084 Mark Rue Suite 506
Johntown, IN 93215"
17,50,"Boyd, Burgess and Torres",User-friendly bifurcated hierarchy,370.525.9403,"11274 Briggs Manors Apt. 341
Michaelhaven, NE 28832"
18,53,Calhoun Ltd,Future-proofed exuding website,(430)308-5330x6067,"209 Keith Cove
New Stephen, NJ 97215"
19,54,Wong-Powell,Streamlined contextually-based forecast,769-602-6959,"74037 Mayer Drives Apt. 392
Port Waynemouth, GU 99676"
20,55,Clark and Sons,Universal object-oriented Graphical User Interface,001-916-360-5796x6005,"9701 Gibbs Manor Suite 419
New Josephhaven, MP 60459"
21,56,Johnson-Murphy,Cross-platform real-time structure,970-269-9923x15244,"PSC 5815, Box 5927
APO AE 18684"
22,57,Mendez-Ramirez,Fundamental holistic infrastructure,(284)305-1818x748,"470 Vasquez Burg Suite 937
Deborahberg, DC 31431"
23,59,Khan PLC,Down-sized disintermediate capability,(915)372-5057,"06952 John Canyon Apt. 201
Osbornton, TX 96866"
24,60,Reynolds-Howard,Cloned intermediate alliance,328.951.0146x818,"510 Gregory Curve
East Michaelfurt, TN 85086"
25,63,Clements Inc,Diverse value-added instruction set,782.717.0473,"27432 Timothy Islands
Donnamouth, CT 07489"
26,64,Wilkinson Ltd,Optimized human-resource open architecture,4586685964,"9400 Michelle Plains
Port Cassandraburgh, PA 92630"
27,65,Wood-Chang,Team-oriented grid-enabled flexibility,(775)432-5945,"069 Amy Coves
Walkerview, MA 97828"
28,66,White-Weaver,Optional logistical throughput,001-760-514-9132,"00301 Stephen Neck Apt. 873
East Michael, HI 46650"
29,68,"Navarro, Medina and Rogers",Progressive didactic interface,(728)819-8611x041,"132 Jones Village Apt. 741
Hintonmouth, WV 61117"
30,69,Smith-Wright,Multi-layered maximized collaboration,494-955-2458,"2097 Morris Drives Suite 314
South Alexanderchester, WI 10662"
31,72,May-Chen,Reverse-engineered bifurcated algorithm,239-893-2909x7588,"87170 Peterson Port Suite 502
East Russellbury, PW 11111"
32,74,Landry Group,Secured full-range implementation,288.304.3083x974,"66410 Jimmy Corner
Lake Conniebury, CA 03541"
33,75,Robinson Group,Synergistic bandwidth-monitored success,628-897-7956,"74151 Lloyd Valley
West Andrewbury, NM 06500"
34,82,"Santana, Berg and Sullivan",Mandatory multi-tasking matrices,4355594035,"868 Alexa Drive
North Scott, AK 55148"
35,83,Murphy Inc,Persistent dedicated model,+1-741-629-2748x65225,"8371 Torres Inlet Suite 343
Charleshaven, AL 71836"
36,84,Rowland-Mendez,Centralized coherent time-frame,531.789.6273x80294,"44328 Williams River
South Elizabeth, WV 93328"
37,85,"Juarez, Green and Jones",Decentralized zero administration functionalities,715-370-1205x274,"PSC 2657, Box 2985
APO AP 90634"
38,88,"Davila, Davis and Anderson",Vision-oriented eco-centric utilization,590.980.6804x70779,"683 Wilkinson Lake
Sandraview, MN 86533"
39,89,Thomas Ltd,Implemented clear-thinking initiative,001-334-965-3581,"148 Donna Squares
Port Ronald, FL 45175"
40,90,Jones-Lamb,Organized contextually-based product,001-834-578-5248,"93515 Cortez Forks
Rivershaven, FM 96053"
41,91,Mack-Gardner,Fundamental non-volatile parallelism,001-403-689-5318,"4078 Williams Lodge Suite 781
Lake Randyview, WV 57679"
42,94,Barnes-Hall,Organized radical pricing structure,753-293-8032,"77315 Kathryn Locks
New Donald, IL 21568"
43,95,Cochran-Bauer,Managed dynamic focus group,299-868-4896x171,"113 Tran Fords Apt. 577
Jeremyfurt, GA 91589"
44,98,Mccullough-Le,Implemented content-based Graphic Interface,+1-367-633-9866x944,"5650 Gardner Station Apt. 083
West Patrickton, IN 74861"
45,99,Waller-Coleman,Public-key bifurcated encoding,+1-666-829-1417x818,"35655 Parker Freeway Apt. 607
Steinburgh, IA 48227"
46,100,Berry-Reed,Re-contextualized demand-driven utilization,406-255-7156x61507,"Unit 8759 Box 5274
DPO AP 95328"
47,101,Miller PLC,Implemented object-oriented approach,(256)742-4856x5075,"23946 Julia Station
Shelbyburgh, MN 32913"
48,102,Figueroa-Harrison,Reverse-engineered needs-based infrastructure,(456)577-7907x6930,"59313 Kiara Lodge Suite 092
North Alexville, VA 29299"
49,103,"Diaz, Rivera and Davis",Programmable full-range installation,(807)949-8860x280,"47121 Jennings Mission
Santiagofurt, AS 87727"
50,104,"Turner, Smith and Johnson",Face-to-face full-range attitude,663.312.3629,"6240 Gutierrez Port
Rosalesside, IN 25739"
51,106,Anderson-Hood,Open-architected content-based focus group,5536693757,"60673 James Ford
Anitaview, NH 62512"
52,109,Wallace-Henry,Programmable zero tolerance orchestration,3396707594,"730 Aaron Ranch Suite 876
New Jacob, MI 43033"
53,113,Cox-Rodriguez,Enterprise-wide secondary migration,425.284.9882,"02457 James Creek
Port Philip, DC 84160"
54,114,Watts-Gross,Public-key responsive productivity,983.922.5543x87365,"280 Brooks Spur Suite 782
Bauerton, CA 73185"
55,120,"Mckinney, Little and Schroeder",Cloned eco-centric encryption,+1-288-314-2786x640,"176 Perkins Ports
Lake Mikayla, MH 61807"
56,122,Williams Group,Distributed systemic instruction set,(525)939-3835x687,"3144 Kathryn Port Apt. 226
West Brittanyfurt, TN 30639"
57,124,"Owens, Patton and Robinson",Integrated stable hub,212.223.0192x5767,"36978 Smith Drive
Jacksonburgh, OR 82566"
58,125,Meadows-Villegas,Ergonomic leadingedge success,+1-208-826-0435,"9567 Richard Shoal Apt. 488
New Tracy, OK 48146"
59,127,Fields-Kelly,Integrated coherent migration,6175079067,"369 John Plain Suite 892
Castroport, OH 17751"
60,129,Oneal Ltd,Re-engineered motivating emulation,+1-721-632-8217,"85276 Matthew Trafficway Apt. 410
East Jaime, OH 40135"
61,131,Swanson-Mendez,Realigned empowering website,399-356-9454x600,"484 Sanford Mission
Gardnertown, ND 84502"
62,132,"Carter, Smith and Taylor",Object-based needs-based attitude,951-282-8212x6681,"66499 Dunn Island
Hoodside, MD 26613"
63,134,"Tucker, Holmes and Williams",Seamless neutral customer loyalty,(808)769-7658,"44592 Michael Knolls
North Davidmouth, HI 87105"
64,137,"Oneill, Hoffman and Garcia",Multi-lateral context-sensitive encoding,+1-601-933-1337x28248,"322 William Place
Jamesborough, VA 25864"
65,144,"Gillespie, Evans and Ward",Ameliorated hybrid strategy,001-451-773-2665x3812,"7879 Danielle Crossroad
South April, DC 22023"
66,145,Cohen Group,Public-key disintermediate strategy,3343212675,"319 Mora Courts
Jacobston, MN 92469"
67,146,"Johnson, Deleon and Flores",Integrated clear-thinking ability,2678955340,"0723 Martinez Freeway
Jeffreyfurt, NJ 91060"
68,147,Wilson Ltd,User-friendly coherent parallelism,538.658.6211x073,"45297 Richard Ridge
Port Tom, AR 38761"
69,150,Montgomery and Sons,Progressive solution-oriented focus group,001-523-239-1538,"7204 Carter Light
Danielmouth, AK 05450"
70,151,Mckay-Brown,De-engineered mission-critical Internet solution,842.428.1903x35911,"407 Ford Pine Suite 806
East Lisa, IA 18743"
71,152,Gutierrez-Montes,Centralized contextually-based website,809.972.5859,"230 Whitney Rest Apt. 108
Cooperchester, DC 15148"
72,153,Rodriguez Ltd,Multi-layered value-added archive,+1-505-807-1578,"27783 Robert Mission Apt. 902
Allenburgh, FL 24798"
73,155,Martin Inc,Right-sized multi-tasking functionalities,629-312-8773,"95497 Christina Trafficway
Hunterville, HI 62566"
74,158,Prince-Callahan,Proactive systematic parallelism,+1-315-552-3436x0193,"2279 Karen Ridges
Lake Rachel, IA 95984"
75,160,Smith-Garcia,Ameliorated impactful groupware,001-733-591-7674x86482,"83692 Meyer Rest
Davisport, PW 04152"
76,164,Vaughn Group,Face-to-face eco-centric Local Area Network,271-899-7002x4135,"1275 Richardson Square Suite 274
Lake Jeffreystad, OR 22937"
77,166,Sexton Group,Quality-focused mobile artificial intelligence,332-774-2285,"2577 Debra Prairie Apt. 808
Daviston, VA 96592"
78,167,"Williams, Little and Williams",Intuitive clear-thinking challenge,348-888-6416x1818,"5489 Carroll Stravenue Suite 034
Micheleburgh, WI 77058"
79,168,Doyle-Jones,Enhanced zero-defect time-frame,(423)531-6115,"2170 Berry Lodge
Tracieland, NM 77854"
80,170,Dean Group,Self-enabling mobile customer loyalty,954-370-7326,"2321 Johnson Trail Suite 118
South Wendy, NH 98915"
81,173,Reed Ltd,Fully-configurable zero tolerance utilization,5924567260,"747 Oscar Curve Suite 867
Josephtown, GU 74801"
82,174,Roberts-Duran,Streamlined dynamic analyzer,726.811.6292x43101,"7091 Howard Locks
Lake Lindsey, FL 21727"
83,176,Smith-Roberson,User-friendly impactful analyzer,001-403-211-4027x35725,"75814 Watts Turnpike
West Coryburgh, MO 29988"
84,177,"Hicks, Abbott and Beasley",Proactive discrete moratorium,(327)890-0935x664,"899 Sarah Common
Vegaside, MT 14211"
85,181,Ponce Ltd,Public-key human-resource service-desk,809.534.2705,"909 Kidd Trail Suite 834
Collinsburgh, MI 63099"
86,184,Parker Ltd,Pre-emptive zero administration toolset,+1-285-419-3734x5418,"489 Clayton Parks
Kingfort, AL 23828"
87,187,Smith-Collier,Synergized neutral budgetary management,(691)580-4694,"3741 Brandon Lake Suite 567
Lake Kimberlymouth, GA 98372"
88,189,Cole-Jackson,Adaptive fresh-thinking secured line,(764)414-3216x0667,"Unit 1278 Box 9048
DPO AP 23855"
89,191,Joseph Inc,Grass-roots responsive methodology,(839)385-5615x37397,"888 Padilla Plain
Allenhaven, ID 55324"
90,192,"Kelley, Baker and Lee",Cross-group holistic algorithm,+1-243-332-7424x973,"88174 David Crest Apt. 810
Smithborough, NE 11078"
91,193,Smith Group,Operative client-driven implementation,400-329-7449x53064,"7421 Thomas Neck
North Christinemouth, MN 69421"
92,195,Krause-Riley,Extended disintermediate Graphic Interface,574-501-9268,"PSC 0095, Box 0636
APO AA 92375"
93,197,"Anderson, Beck and Jones",Grass-roots didactic encoding,+1-546-968-9292x25973,"92363 Kristen Inlet
North Richardburgh, IA 80693"
94,199,"Shaw, Wilson and Thompson",Pre-emptive motivating product,347-869-3301,"17971 Powell Inlet Suite 848
Kimberlyport, KY 87578"
95,202,Gonzalez-Sanders,Integrated coherent service-desk,(852)864-0801x82054,"92132 Jason Shore Apt. 593
Westmouth, CT 23564"
96,206,"Everett, Jensen and Parks",Optimized local hardware,8769293411,"358 Amber Center
Smithville, MO 34903"
97,208,"Patterson, Crawford and Boone",Visionary holistic architecture,001-992-682-7460,"10131 Martin Ports
Nicholaschester, MH 42113"
98,209,Moore-Singleton,Multi-layered multi-tasking synergy,(209)550-0203x6569,"077 French Plaza Suite 255
South Juanmouth, MD 97521"
99,216,Moore Ltd,Virtual analyzing alliance,+1-713-948-7420x6013,"813 Gregory Dam Suite 456
Port Christopherview, CT 89836"
100,220,"Anderson, Harvey and Payne",Cross-group regional matrices,(428)568-9222x64276,"958 Jones Burg Suite 857
East Tammy, CT 23165"
101,221,Stephens-Butler,Focused full-range conglomeration,545.584.5123x69092,"213 Hernandez Vista
Jasonhaven, OR 33455"
102,222,Santiago-Weaver,Up-sized client-server challenge,(934)579-7874,"1773 Castaneda Alley Apt. 685
Padillaburgh, ND 09274"
103,223,Sanford-Smith,Adaptive intermediate monitoring,001-731-709-9165,"787 George Radial
Russellshire, AS 18835"
104,224,"Brown, Johnson and Evans",Universal background function,8178594171,"98577 Brown Prairie Suite 237
Johnsonland, MH 23683"
105,225,Robinson-Garcia,Enterprise-wide asymmetric protocol,+1-442-940-9366x47944,"77266 Gonzalez Radial
Lake Sandraburgh, UT 44664"
106,226,"Riddle, Morales and Morales",Polarized 4thgeneration software,001-403-717-0541x4279,"577 Juan Locks
South Brenda, NY 81192"
107,227,Mathis-Fox,Open-source radical protocol,992-699-7380x10058,"203 Jenkins Vista Apt. 390
Greenside, VI 90602"
108,229,"Brown, Jensen and Phillips",Multi-channeled discrete installation,232.492.6644,"373 Chris Union Apt. 705
Ewingburgh, WI 00922"
109,230,"Ballard, Gill and Thompson",Grass-roots bandwidth-monitored initiative,(641)558-3654x87098,"63644 Curtis Burg Apt. 169
Smithland, NC 14597"
110,233,Gomez-Hernandez,Versatile dynamic utilization,(380)594-0104x28943,"14442 Mann Way
West Joshua, TX 08835"
111,235,Smith-Miller,Advanced coherent middleware,696.946.7016x530,"8954 Jones Extension
Murphyview, TX 81511"
112,236,Johnston-Wade,Up-sized contextually-based protocol,371.252.4464,"89092 Allison Summit
North Danielle, AR 86779"
113,238,"Fischer, Black and Kane",User-friendly cohesive policy,810-725-4380,"720 Edwards Forges Apt. 353
Moorechester, MS 71879"
114,241,"Cunningham, Peters and Gregory",Monitored empowering product,001-848-477-0186x4879,"262 Tyler Mall
East Madison, AR 02515"
115,243,"Figueroa, Mora and Johnson",Organized client-server software,001-560-200-8017x208,"32852 Downs Mission
Kathleenshire, MD 60381"
116,244,Jones-Rojas,Open-source value-added instruction set,562-623-3432x61095,"26868 Rachel Hills
Brendafurt, AZ 68738"
117,245,"Dillon, Ryan and Sanchez",Persevering maximized Graphical User Interface,(726)425-7533,"7892 Elizabeth Overpass Suite 883
Justinburgh, MT 82531"
118,246,Rodriguez-Ramirez,Assimilated web-enabled neural-net,465-827-9481x561,"92010 Jason Path Apt. 531
Lindseyland, AL 26448"
119,249,French and Sons,Down-sized systemic intranet,974-930-3544x21237,"377 Cindy Prairie
Duranchester, TN 31252"
120,250,Ingram-Watson,Open-source modular forecast,001-402-909-0828x7718,"5457 Sandra Locks
Matthewville, OK 61085"
121,253,"Carroll, Becker and Maldonado",Diverse grid-enabled alliance,575.688.1096x176,"852 Russell Keys
Floresmouth, UT 02171"
122,254,Miller PLC,Function-based modular synergy,001-761-466-2779,"664 White Motorway Apt. 226
Laramouth, RI 92126"
123,256,Taylor PLC,Reactive methodical matrices,272-238-9216x9287,"055 Williams Meadow Apt. 428
Port Johnside, MS 73043"
124,258,Estrada Group,Networked multimedia info-mediaries,499-261-1860x606,"5925 Cunningham Trace
Port Ana, PW 62937"
125,259,Thomas-Valdez,Implemented hybrid ability,+1-517-608-3846,"88404 Victoria Camp Apt. 154
Newmanport, KY 09399"
126,260,Smith-Gill,Function-based full-range Local Area Network,(845)726-2821x41576,"5532 David Springs
New Rebecca, MA 91838"
127,262,Stein LLC,Fundamental uniform success,457-270-7939x2866,"4181 Steven Forge
Hintonfort, AL 65350"
128,264,Anderson-Newton,Devolved value-added contingency,2205208424,"PSC 4829, Box 9404
APO AE 35277"
129,269,"Smith, Spencer and Contreras",Virtual regional matrices,001-964-838-4651,"00147 Christopher Mews Apt. 841
Guerrerofurt, AS 40602"
130,271,"Meza, Fisher and Smith",Versatile fresh-thinking service-desk,001-265-686-0902x9028,"715 Alison Mountains
Jenniferburgh, DE 89991"
131,272,Rice LLC,Expanded interactive firmware,512-523-7465x74377,"22248 Robert Neck Suite 538
Aguirreton, MT 90534"
132,275,Clark Ltd,Seamless leadingedge infrastructure,+1-376-800-8044,"8526 Gilmore Heights
East Marcusside, PR 57732"
133,280,Mclaughlin-Hawkins,Quality-focused real-time Graphical User Interface,(770)264-7476x1673,"29869 Miranda Forks Suite 955
Devinview, NV 87618"
134,281,"Vincent, Miller and Huffman",Adaptive background system engine,6966998301,"PSC 1717, Box 8857
APO AE 02698"
135,282,Jones-Adams,Devolved systematic pricing structure,211-483-5465x607,"12548 Bethany Port
South Andreatown, NC 77849"
136,285,"Hughes, Allen and Martinez",Function-based real-time middleware,628-237-1935,"9854 Fisher Creek
North Jessicabury, CA 71072"
137,286,King LLC,Up-sized zero administration groupware,(941)700-7694,"757 Nancy Track Apt. 662
Mollychester, AZ 15130"
138,287,Young-Griffith,Down-sized stable encryption,511.628.4005x230,"5673 Dakota Valleys
Mariaborough, NV 19082"
139,289,Brown LLC,Phased radical hardware,(887)287-5827,"2330 Miller Isle Apt. 310
North James, MA 40338"
140,290,Smith-Buck,Multi-layered demand-driven collaboration,+1-615-401-4519x96355,"940 Richardson Points
Lake Anntown, IN 35773"
141,292,"Jones, Davidson and Hendrix",Digitized interactive software,384.929.5412x11302,"741 Nathan Ridges Suite 184
East Tarafort, MS 34834"
142,293,"Bradley, Collins and Johnston",Customer-focused mission-critical secured line,377-562-5694x9094,"10735 Newton Skyway Suite 665
Rodriguezville, VA 89271"
143,294,Stone Ltd,Profound motivating implementation,001-855-505-7110x419,"06304 Christopher Station
Scottville, AL 22680"
144,296,Roberts Inc,Enhanced multi-tasking definition,001-972-433-3793x0063,"494 Vega Track
South Meagantown, LA 82151"
145,297,Mendoza-Maldonado,Secured didactic encoding,430-931-3034x8294,"7021 Castillo Keys
Jonathanside, OH 53517"
146,298,Ramirez PLC,Cross-platform methodical knowledge user,378.947.3589x119,"1792 Manuel Circle Apt. 508
Evanview, DC 73899"
147,302,Ponce-Myers,Function-based demand-driven Graphical User Interface,+1-850-748-0732x52052,"6622 Michelle Shore
Robersonbury, IA 42989"
148,304,Bryan Ltd,Fully-configurable attitude-oriented neural-net,001-456-364-8718x35920,"6774 Rebecca Loop
West Charleneport, PA 22861"
149,305,Banks LLC,Customizable directional function,+1-371-383-7427x5158,"92998 Williams Fork Apt. 040
Rodriguezland, IN 46006"
150,306,Zimmerman-Villegas,Quality-focused non-volatile Internet solution,+1-905-539-6334,"4691 Davis Roads
Marshallchester, ND 17212"
151,307,Gilbert LLC,Optional exuding hierarchy,444-395-7527x670,"72586 Earl Path Suite 166
Port Karenfurt, IN 94732"
152,311,Benson-Paul,Polarized 24/7 leverage,+1-972-223-0946x862,"8762 Lucas Canyon Suite 356
Bonnieview, MS 85940"
153,312,Torres and Sons,Streamlined systematic customer loyalty,381-556-6277x29127,"Unit 9207 Box 1645
DPO AP 23092"
154,313,"Munoz, Blanchard and Montgomery",Triple-buffered radical project,649-700-9030,"457 Colleen Fork
Andersonview, MA 27941"
155,315,"Taylor, Rodriguez and Jackson",Persevering 24hour data-warehouse,+1-392-815-2283x60970,"31281 Newman Lakes
West Roy, PR 49190"
156,316,"Long, Bowen and Cortez",Re-contextualized logistical application,001-801-276-4829x08382,"9258 Thompson Coves
South Cynthiaport, ME 68794"
157,318,"Alexander, Cooper and Brady",Total regional neural-net,+1-792-202-1287x779,"00846 Paul Green
West Timothyton, FL 10744"
158,320,Hale Group,Monitored systemic parallelism,(309)386-1531x693,"205 Henderson Lodge Apt. 487
Davismouth, KY 41341"
159,321,"Burke, Fowler and Schmitt",Centralized high-level structure,001-898-312-6756,"263 Mary Viaduct Suite 597
Emilyshire, ID 40725"
160,322,"Morgan, Lowe and Adams",Up-sized zero tolerance capability,+1-201-627-0304x1840,"464 Rhonda Motorway
North Charlesburgh, ND 37244"
161,324,"Mayo, Ortega and Ford",Future-proofed bottom-line throughput,+1-863-775-4394,"5582 Lozano Fork Suite 205
North Suzanneview, NY 86184"
162,326,Williamson and Sons,Persevering intangible projection,(720)318-6204,"598 Barbara Light
North Zachary, MI 47268"
163,329,Smith-Graves,Reverse-engineered cohesive orchestration,362.852.3985x8989,"21691 Ward Spur Suite 601
Lake Meganstad, WI 71896"
164,330,Sosa Ltd,Fundamental regional policy,7728473174,"0317 Michelle Corner Apt. 778
North Daniel, NV 71379"
165,333,Nelson and Sons,Business-focused next generation projection,+1-309-417-8369x960,"77412 Kenneth Island Suite 432
New Henry, AZ 87164"
166,337,Austin-Clark,Upgradable background support,218.517.5411x437,"511 Timothy Cape
Lake Ryanton, FM 71983"
167,338,Sanchez-Ford,Horizontal optimizing emulation,(884)943-3622,"38836 Richard Land Suite 024
Port Markton, RI 64991"
168,340,Cook PLC,Proactive discrete migration,001-544-817-0693,"7484 Carson Trace Suite 651
West Angela, AL 31731"
169,343,"Jones, Gordon and Miller",Phased asymmetric initiative,801-919-1573,"5488 Jones Rue
Raymondside, PR 97955"
170,344,"Rosario, Harris and Cooper",Mandatory directional firmware,368.954.5959x599,"92291 Kelly Field Suite 328
New Kyleshire, CT 95699"
171,346,Williams-Fernandez,Self-enabling empowering encoding,451.309.0396x3806,"6360 Robert Unions
Lake Kimberly, WY 49264"
172,347,Smith PLC,Total asymmetric data-warehouse,4342282841,"USCGC Peterson
FPO AP 23242"
173,349,Porter-Wong,Managed holistic info-mediaries,001-962-436-0461x451,"75453 Barbara Trail Apt. 025
Torrestown, VT 42880"
174,351,Moore-Hill,Automated 5thgeneration service-desk,+1-234-674-6994,"7414 Richard Glens
South Catherine, WI 18210"
175,353,"Alvarez, Turner and Vega",Programmable motivating help-desk,768-942-8386x42587,"19768 Jennifer Landing Suite 788
South Taraport, CA 36286"
176,356,"Watson, Ryan and Ramos",Multi-channeled needs-based model,331-972-1700,"58698 Anthony Lodge Apt. 577
Jeffreyborough, OK 45741"
177,358,Preston-Jordan,Extended content-based policy,(913)712-8226x83161,"882 Reyes Plaza
New Sergio, NY 63577"
178,359,Briggs Inc,Virtual user-facing product,(851)335-1787x831,"Unit 3184 Box 1996
DPO AE 91440"
179,360,"Estrada, Tran and Allen",Reactive homogeneous architecture,3816186174,"1466 John Mall
West Robertfort, MI 81679"
180,362,Davis-Garcia,Digitized bifurcated access,001-448-388-7499x2074,"USNS Webb
FPO AP 13919"
181,363,"Lee, Rosales and Ryan",De-engineered tangible definition,(581)573-2916x70292,"8679 Butler Unions
Chadmouth, AR 66800"
182,364,Davis LLC,Centralized reciprocal groupware,(574)763-1125x26425,"588 Kayla Summit
Robertsonbury, PW 39016"
183,367,"Juarez, Reeves and Hansen",User-centric attitude-oriented matrix,001-927-782-6142x635,"1448 Roach Stravenue
New Rose, GA 10045"
184,368,"Alvarez, Wheeler and Hale",Grass-roots 3rdgeneration capability,675-397-1089,"0010 Claire Court
Waynefort, TN 70258"
185,369,"Arroyo, Johnson and Yu",Reactive executive moderator,(903)264-6983,"060 Brandon Junction
South Melinda, MO 08267"
186,373,Tyler LLC,Cloned systematic emulation,454.562.6406,"423 Robert Falls Apt. 285
Kirkmouth, CO 34080"
187,374,Newton LLC,Customizable dedicated challenge,+1-990-395-4460x27117,"33269 Michael Fields
Millsstad, MS 88721"
188,375,"Velasquez, Long and Turner",Seamless tertiary Internet solution,850-822-4948,"811 Harrison Union Apt. 077
North Karen, OR 57798"
189,376,Burke-Lopez,Future-proofed impactful secured line,8875912112,"65940 Williams Crest
East Michael, VI 85218"
190,377,Saunders Ltd,Customizable client-driven core,+1-778-596-4106,"2944 Lewis Viaduct
West Brandonmouth, MH 54262"
191,380,Carey Group,Synchronized heuristic core,721-922-3726,"81803 Armstrong Mill Suite 131
Hurleybury, MS 99587"
192,381,Werner-Hall,Multi-tiered zero-defect alliance,001-520-600-4740x63108,"6085 Dyer Port Apt. 682
Brandonborough, MH 90473"
193,383,Anderson-Sanders,Quality-focused hybrid middleware,(257)324-0522,"33926 Harold Way
South Williamhaven, MP 55537"
194,387,Bradley-Hernandez,Open-architected context-sensitive knowledge user,439.544.9228x7712,"18482 Sierra Parkways
New Michael, PW 85871"
195,388,"Holloway, Graves and Esparza",Public-key 4thgeneration attitude,+1-875-569-4281x838,"PSC 0445, Box 6131
APO AE 84587"
196,389,Marshall-Glenn,Proactive encompassing utilization,001-302-681-5640x973,"159 Dale Well
Port Ashley, NH 38855"
197,390,Martin-Valentine,Focused stable hub,838.489.1477x45752,"6172 Griffin Lights Suite 040
Port Jennifermouth, WA 54319"
198,391,Weber-Mason,Future-proofed reciprocal methodology,(840)821-6955x6646,"4131 Herrera Ramp
East James, AL 90219"
199,392,"Morris, Kelly and Hernandez",Synergistic zero administration service-desk,(976)686-0316x72511,"595 Sarah Rest Apt. 306
Harryfort, AZ 56589"
200,393,"Fleming, Barrett and Gray",Function-based eco-centric support,815-803-7636x723,"8472 Miller Radial Suite 730
North Chad, TN 63736"
201,395,Rubio-Williams,Profit-focused intangible alliance,(584)227-4286,"570 Phillips Lights Apt. 439
Lake Justin, WI 45213"
202,396,Jones-Lee,Triple-buffered disintermediate task-force,923.761.6965x97589,"7775 Holly Green Apt. 735
Lauraberg, MT 00834"
203,397,Barker PLC,Synchronized zero tolerance conglomeration,9989152519,"80355 Lopez Squares
Morenoborough, IA 35436"
204,398,Jordan Ltd,Phased 24/7 synergy,6958845925,"PSC 7288, Box 9028
APO AE 01935"
205,399,"Peters, Miller and Morrison",Total empowering monitoring,(325)422-2398,"PSC 4418, Box 2265
APO AA 88652"
206,400,"Hubbard, Jackson and Miller",Decentralized multi-state monitoring,590.413.1474,"721 Collins Forks Suite 241
Alecview, UT 23662"
207,401,Norton LLC,Fundamental homogeneous process improvement,001-227-895-2710x187,"94664 Cruz Trace
Johnstad, WV 32097"
208,403,Hampton Ltd,Enhanced context-sensitive projection,720-487-4657x353,"2661 Foster Garden
North Alexanderview, OH 78080"
209,404,Lopez Group,Enhanced incremental utilization,001-877-991-8209,"82486 Jones Circle Apt. 846
Robertburgh, ND 76123"
210,405,Rogers Ltd,Versatile 24/7 methodology,9129570380,"17861 Jason Spring Apt. 368
Port Robertburgh, IN 86574"
211,408,Kim Ltd,Enterprise-wide regional contingency,001-389-718-7489x0841,"PSC 5254, Box 8530
APO AE 86695"
212,410,Mendoza-Perkins,Fully-configurable 4thgeneration service-desk,(908)417-8838x3164,"8765 Davis Wells
Thompsonland, OK 76067"
213,413,Jordan-Jones,Enterprise-wide bandwidth-monitored hardware,(899)987-9127,"38941 Travis Canyon Suite 482
West Dan, AR 51309"
214,416,Mitchell Group,Fully-configurable homogeneous parallelism,001-743-606-7712,"9089 Nicholas Extension
Reneemouth, WV 22017"
215,417,"Graves, Townsend and Trevino",Multi-lateral upward-trending Internet solution,001-618-680-6726x20705,"7539 Charles Club
New Rebeccaborough, AZ 86993"
216,418,Smith Ltd,Networked real-time system engine,536-788-7040x2605,"2433 Drew Views Suite 319
Shannonbury, PW 84671"
217,422,"Peterson, Harrington and Jones",Managed explicit algorithm,001-925-762-4230,"58117 Torres Fields
Pamelamouth, GU 66408"
218,423,Thompson Inc,Multi-lateral secondary projection,491.988.2019,"718 Calhoun Brooks Suite 164
Perezmouth, MD 54703"
219,426,Myers LLC,Re-engineered directional concept,446.965.3357x710,"23093 Michael Corners Apt. 836
Lake Jakechester, TX 99143"
220,427,Cameron PLC,Function-based 5thgeneration protocol,001-916-443-6793,"53584 Lindsey Crescent Apt. 492
North Oliviamouth, GU 72778"
221,429,"Jacobson, Carney and Ramos",Exclusive dynamic database,383.665.6820x953,"15276 Miller Light
Meaganhaven, NM 46112"
222,430,Clark Inc,Self-enabling coherent orchestration,(842)443-2983x361,"632 Miller Square Suite 957
West Justinmouth, MN 01694"
223,432,Martin LLC,User-centric encompassing project,611.230.5220x9796,"109 Gregg Mews Suite 961
Perezburgh, AL 77670"
224,434,Rogers-Burns,Seamless fault-tolerant concept,757.666.2782x3638,"2191 Ashley Well Apt. 777
Teresaberg, WA 37030"
225,435,Edwards-Lawson,Streamlined high-level neural-net,+1-306-705-5739x9483,"651 Hamilton Corners
Frankmouth, WA 15023"
226,437,"Sullivan, Cortez and Mcconnell",Enterprise-wide systemic capability,5284943561,"220 Steven Estate Apt. 063
Lake Vanessaton, NC 82274"
227,442,Aguilar Inc,Front-line disintermediate implementation,001-596-213-1010,"1868 Lopez Spurs Suite 364
West Kenttown, AZ 56212"
228,445,Brown-Walker,Automated demand-driven focus group,954.563.8747x706,"9912 Katherine Villages
Robertborough, OH 76628"
229,447,Deleon-Beard,Optimized systematic installation,(538)892-3664x293,"482 Mcknight Unions
North Angelaburgh, OK 08360"
230,451,Spencer-Hartman,Implemented modular help-desk,787-817-3663,"151 Wolfe Garden
Austinville, OH 48724"
231,454,Davis-Davis,Proactive attitude-oriented attitude,001-521-883-1022,"2469 Brendan Circle Suite 903
Port Valeriestad, MP 24433"
232,455,Carney-Meza,Open-architected clear-thinking framework,+1-685-737-7895,"996 Young Inlet Apt. 073
Michaelmouth, TN 52723"
233,459,Chapman Group,Extended dynamic functionalities,735-348-2983,"345 Rodriguez Run
Brandyberg, AR 77361"
234,460,Jones-Moore,Organic neutral interface,+1-822-817-0067x8274,"36914 Paula Parkways
New Maryside, GU 29740"
235,461,Ryan Group,Robust intangible methodology,3846512624,"Unit 7798 Box 9495
DPO AP 98766"
236,462,Phillips-Sellers,Open-source disintermediate leverage,+1-565-894-2904x580,"3350 Brown Bypass
North Devonhaven, IA 42956"
237,465,Lozano-Anderson,Centralized bottom-line contingency,5398565730,"896 Scott Lock
Theresachester, MP 70418"
238,466,"Wheeler, Wilson and Booth",Customizable analyzing service-desk,+1-805-397-0641,"PSC 7049, Box 8811
APO AA 05089"
239,468,Martinez Group,Total 3rdgeneration portal,858-246-8240,"862 Nicole Lake
Kevinmouth, NC 25468"
240,471,Brown-Velazquez,Pre-emptive mission-critical throughput,500.554.6704,"9865 Jones Road Suite 021
New Albert, VA 03817"
241,474,"Williams, Morales and Moran",Balanced global adapter,(397)358-2141x961,"USCGC Mitchell
FPO AA 09331"
242,478,"Walker, Rodgers and Caldwell",Multi-layered well-modulated open system,683.720.0616,"94397 Francis Fort
Dixonfort, ND 67386"
243,480,Marshall LLC,Right-sized incremental algorithm,+1-285-625-4454x3607,"6193 Jacobs Way
Harrelltown, OK 06633"
244,481,Olson and Sons,Versatile empowering groupware,278.586.4322x5846,"PSC 4541, Box 6149
APO AA 35354"
245,486,Rodriguez-Madden,Streamlined value-added leverage,+1-836-436-8510x540,"144 Conner Road Suite 623
North Elizabethstad, FL 32969"
246,487,Ho and Sons,Reactive multi-tasking complexity,001-937-260-0111x22966,"Unit 8318 Box 0205
DPO AE 90965"
247,491,Brown-White,Inverse zero-defect ability,402-618-1717x10564,"5537 Jared Courts Apt. 790
Smithborough, KS 98890"
248,492,Kelly Ltd,Secured client-driven budgetary management,+1-482-776-4613x86784,"93567 Jenny Island
Portertown, CT 34981"
249,497,Pope LLC,User-friendly well-modulated focus group,+1-868-720-1413x61424,"660 Kevin Skyway Apt. 266
Mclaughlinhaven, AR 92174"
250,501,Parker-Weaver,Optimized neutral matrix,382-457-1056x6892,"PSC 8551, Box 3898
APO AP 60788"
251,502,Jones-Hughes,Multi-tiered local complexity,4937472069,"1236 William Pines Apt. 706
Port Rachel, AL 89919"
252,503,Hamilton-Shaw,Function-based clear-thinking moderator,+1-965-729-3273,"22457 Brittney Unions
North Micheal, OH 53058"
253,507,"Murphy, Butler and Gonzales",Up-sized secondary support,001-555-294-4304x3219,"74261 Jackson Pike
Rhondaview, OK 99214"
254,508,Thompson-Washington,Stand-alone modular moratorium,+1-774-344-8352x313,"3788 Eric Mountains Suite 382
Lowebury, GA 14614"
255,510,"Oneill, Thompson and Thomas",Down-sized static migration,001-822-522-5844,"375 Thompson Lock Apt. 124
Lake Antoniomouth, MN 78169"
256,511,"Sparks, Evans and Allison",Monitored multimedia matrices,498-599-5725x698,"4545 Brown Heights
North Donaldstad, ID 69192"
257,512,Melton-Garcia,Reduced exuding Internet solution,(370)423-9818,"Unit 9572 Box 0779
DPO AP 42425"
258,515,"Garcia, Bennett and Carpenter",Programmable cohesive installation,(908)694-9254x4257,"PSC 4541, Box 0329
APO AP 09241"
259,518,"Harmon, Smith and Moody",Down-sized hybrid initiative,001-847-554-5086x466,"9610 Christina Inlet
East Carolport, OH 56524"
260,521,"Hansen, Davis and Webb",Down-sized radical moderator,257-290-2860,"067 Gilmore Hills
East Christine, MO 18918"
261,522,Miller LLC,Optional motivating structure,+1-920-718-3498x838,"USNV Adkins
FPO AE 56192"
262,523,Velasquez-Chan,Expanded leadingedge adapter,435-859-6360,"53596 Mendoza Coves
Sarahberg, OK 81357"
263,525,Willis-Humphrey,Stand-alone bottom-line support,001-588-982-9849x17615,"USCGC Garcia
FPO AE 19040"
264,531,Francis-Moreno,Team-oriented interactive info-mediaries,705.839.4000,"278 Ashley Trail Apt. 198
South Kevin, OH 78656"
265,532,Smith Inc,Customizable holistic frame,7899902092,"635 Mcneil Ford Apt. 372
Lake Bradleyfurt, OK 62436"
266,533,Thompson-Carlson,Polarized bandwidth-monitored throughput,338-347-5032x126,"1428 Katherine Creek Apt. 578
New Anthonyfort, MS 07732"
267,538,Gonzalez-Villarreal,Automated maximized migration,(788)687-4893,"USNS Caldwell
FPO AE 73147"
268,541,"Anderson, Hodges and Mitchell",Managed reciprocal Internet solution,465.814.8183x714,"7740 Thomas Street
Morganborough, GA 39578"
269,543,"Perry, Mayer and Peters",Cross-group radical intranet,001-457-775-7833x33075,"6639 Gonzalez Tunnel Apt. 073
North Thomasport, MO 49008"
270,544,Barker Group,Implemented impactful open system,(202)912-2746,"USNS Hall
FPO AA 95993"
271,545,"Terry, Gilbert and Gamble",Implemented mobile application,+1-421-231-5477x4591,"22148 Laura Isle
East Julie, PR 38262"
272,548,"Reed, Jones and Lara",Managed logistical challenge,752-821-5758x82856,"03254 Michael Greens Apt. 594
Hunttown, MI 22057"
273,550,May-Smith,Decentralized context-sensitive forecast,389.839.5038x036,"1195 Brittany Union Suite 020
South Jason, SC 90077"
274,552,Banks-Young,Programmable needs-based strategy,001-934-581-8710,"8262 Wolf Fork Apt. 957
East Joshuafurt, MA 89647"
275,554,Atkinson-Harris,Configurable national strategy,508-379-2759x7001,"416 Martin Ferry
Johnnyshire, ID 17065"
276,555,Cisneros-Smith,Implemented dynamic matrix,809.692.1524x19197,"75601 Erik Estates
North John, MS 81147"
277,556,Tucker-Johnston,Intuitive local pricing structure,001-568-609-5984,"PSC 1754, Box 1112
APO AP 42825"
278,557,Lynch-Cannon,Business-focused full-range info-mediaries,001-233-211-0374x76883,"2055 Austin Cliff
Port Traceyview, UT 65536"
279,558,Harris Group,Cross-group zero administration Graphical User Interface,001-761-563-0159x9115,"1928 Boyer Estate Suite 860
West Johnfort, PR 46243"
280,559,"King, Acosta and Guzman",Synergized real-time methodology,553-967-4519x0000,"USNV Fischer
FPO AP 60924"
281,560,Bowman-Taylor,Business-focused empowering intranet,959-210-2300x37805,"0753 Gibbs Vista
Morseview, OK 94074"
282,561,Sanchez Group,Innovative reciprocal task-force,+1-701-753-3390,"Unit 4689 Box 1784
DPO AE 27250"
283,562,Chambers-Mcdonald,Enterprise-wide bi-directional alliance,978.649.8903x616,"51998 Herrera Points
South Kristinaport, AL 46147"
284,563,Lee Group,Distributed attitude-oriented parallelism,361.204.5274,"912 Nicole Harbor
Dixonmouth, GA 72502"
285,566,"Thompson, Michael and Roberts",Realigned modular service-desk,(923)922-7786,"40013 Miranda Falls
Edwardtown, IA 82968"
286,569,Drake-Brown,Stand-alone leadingedge parallelism,675.289.8165,"0590 Pacheco Freeway Apt. 368
Bryanland, WV 82835"
287,570,Collins Ltd,Reactive local success,790-391-7886x34085,"6862 Alfred Burgs Suite 278
New Kevinmouth, GA 64081"
288,574,Clark-Weiss,Polarized impactful attitude,001-769-650-7645x406,"024 Nicole Pass
New Lesliechester, MI 65342"
289,579,Pennington-Ford,Secured didactic groupware,208.356.9033x1139,"3375 Robert Squares
East Robert, NJ 55725"
290,580,Silva-Chaney,Triple-buffered well-modulated Internet solution,+1-240-575-1003x63826,"43832 Melton Vista
Bakerland, OK 54799"
291,583,Saunders PLC,Horizontal solution-oriented artificial intelligence,(352)277-7141x148,"4606 Ryan Squares
Lewismouth, CO 04205"
292,587,"Navarro, Tucker and Gardner",Synchronized real-time challenge,358-381-5289x849,"89532 Nguyen Overpass Suite 771
South Austin, NM 71445"
293,588,Lewis LLC,Re-contextualized multimedia focus group,3013987839,"8243 Beck Course
Port Brendaburgh, OH 92111"
294,590,Wade-Strickland,Multi-lateral explicit alliance,(774)907-1084x27260,"630 Matthew Garden
East Shawnborough, FL 76913"
295,592,Martinez Ltd,Team-oriented logistical emulation,838.976.1327x12445,"2655 Graham Hill
North Tyler, AK 78413"
296,593,"Bartlett, Gibson and Thompson",Vision-oriented demand-driven pricing structure,890.863.9927x024,"753 Baxter Courts Apt. 029
Port Richardborough, RI 54542"
297,595,Lee-Cox,Customizable bottom-line neural-net,+1-477-270-9345x93671,"95976 English Key
Richardberg, SD 58599"
298,596,"Brown, Mendez and Green",Up-sized dynamic focus group,589-571-0970x699,"Unit 5407 Box 8964
DPO AP 54858"
299,597,"Black, Hanna and Miller",Proactive demand-driven collaboration,782.789.6591x37494,"626 Gray Street Suite 551
New Brendaview, HI 56826"
300,598,Mathis-Hill,Polarized systemic groupware,001-455-749-3300x0598,"1087 Harrison Lock Suite 335
South Larry, ME 91046"
301,599,"Anderson, Delacruz and Williams",Upgradable neutral policy,001-933-703-8486x6861,"95566 Cantu Stravenue Apt. 672
Reedstad, GU 39273"
302,601,Santana-Mack,Synergistic foreground task-force,+1-348-935-6373x9388,"55789 Sharon Falls Suite 605
Kristenfurt, AL 73506"
303,602,"Gonzales, Barnett and Davis",Face-to-face bandwidth-monitored superstructure,+1-725-685-7818x888,"57157 Cory Ports Suite 433
Erikhaven, FM 50943"
304,603,Smith PLC,Fundamental eco-centric support,868.475.9512x3556,"295 Wilkins Corners
North Jason, NV 80029"
305,604,Reed-Campbell,Profit-focused reciprocal solution,374-681-3965,"Unit 7236 Box 6306
DPO AP 23773"
306,607,"Gibson, Graves and Choi",Secured empowering collaboration,(750)704-0900,"PSC 7380, Box 9802
APO AP 21821"
307,608,Patel LLC,Digitized optimizing knowledge user,+1-536-786-6661x680,"38802 John Land Suite 427
Marymouth, ID 27932"
308,609,Allison-Harris,Digitized fresh-thinking process improvement,344.706.0165x9904,"03820 Matthew Trail
South Maryhaven, IA 34036"
309,612,Young-Pierce,Stand-alone exuding project,(669)403-6365x18777,"65123 Davis Highway Suite 232
Hayesmouth, OH 76914"
310,613,"Esparza, Hansen and Brown",Compatible national customer loyalty,(863)960-8317x4508,"USS Miller
FPO AA 40575"
311,614,Williams LLC,Right-sized needs-based matrix,(322)275-5364,"8815 Xavier Port
East Anthonyfurt, CO 29258"
312,616,Tate-Coleman,Pre-emptive executive neural-net,750-795-2677x988,"20812 Jonathan Overpass
New Jeffrey, VA 00883"
313,621,Cooper-Jones,Multi-lateral intangible framework,(783)353-9374x491,"13718 Stephen Parkways Apt. 334
New Steven, DC 67944"
314,627,Esparza Ltd,Organized systemic moratorium,733-887-7814x67250,"776 Huynh Skyway
Port Jennifer, MN 86047"
315,631,"Sullivan, Solis and Lynch",Implemented disintermediate support,899.880.6326,"PSC 8910, Box 0211
APO AP 44783"
316,633,Dennis-Morales,Total bi-directional frame,815-672-7490x5818,"2505 Tara Trail Apt. 041
Gonzalezhaven, ID 04480"
317,636,"Mooney, Myers and Williamson",User-centric transitional circuit,949-342-2154,"945 Nunez Course
West Kathrynfurt, WY 27443"
318,637,Floyd-Lee,Vision-oriented intangible synergy,001-903-602-7036x7556,"541 Shannon Drives Apt. 730
Riddleside, VT 49417"
319,640,Garza-Fletcher,Vision-oriented 5thgeneration software,(439)211-4297,"5285 Martin Avenue
East Lynnfort, SC 54138"
320,642,Flores and Sons,User-friendly empowering paradigm,8184193634,"35984 Shepherd Fields
Kramermouth, NH 56384"
321,645,Ferguson-Johnson,Configurable zero administration capacity,(981)269-0384,"4448 Diana Highway
Port Matthewside, MH 91339"
322,646,Ellis LLC,Vision-oriented methodical success,439-799-4252,"81464 Bryan Grove
Karaside, PA 16407"
323,647,Johnson-Henderson,Intuitive object-oriented approach,9015333548,"2542 Mary Shoal Apt. 895
Bryanside, HI 41722"
324,648,Duncan PLC,Pre-emptive attitude-oriented productivity,(488)250-4506,"851 Sandra Vista
Lake Laurastad, MO 24809"
325,649,Lyons-Allen,Triple-buffered attitude-oriented concept,314.548.9998,"947 Mark Ridge
South Brian, VI 07978"
326,650,Lee Inc,User-friendly regional hierarchy,+1-455-647-3199x77853,"97193 Gabriela Landing Apt. 273
North Charlesport, WI 31180"
327,652,Lam LLC,Quality-focused encompassing leverage,+1-408-226-8427,"PSC 8673, Box 4727
APO AP 69783"
328,654,"Alvarado, Garrett and Tran",Optional stable implementation,001-659-782-2092x072,"83487 Amy Square Apt. 489
South Jimmyside, AL 69562"
329,656,Santos and Sons,De-engineered optimal protocol,+1-798-909-7296x9088,"34184 Velasquez Crossroad Suite 451
Calvinhaven, VA 73797"
330,661,Castro-Wilson,User-friendly heuristic paradigm,(396)977-4908,"67228 Gonzalez Courts Suite 948
South David, KS 41818"
331,662,"Garcia, Costa and Jones",Business-focused reciprocal extranet,001-987-679-5693x43405,"7297 Miranda Common Apt. 386
Andreafurt, WI 10481"
332,663,Ramirez Ltd,Polarized bi-directional capacity,+1-682-483-5239,"9881 Molina Villages Apt. 040
East Bryanborough, PR 51023"
333,664,"Clark, Flores and Pearson",Grass-roots methodical parallelism,257.914.5615x8282,"590 Ramirez Heights
East Rickyborough, WI 55605"
334,665,Davis-Smith,Open-architected grid-enabled application,(808)498-7574x1259,"8551 Scott Prairie
East Elizabethfort, PA 91379"
335,668,Olson LLC,Enterprise-wide optimal groupware,(364)714-9477,"19424 Fisher Unions
Lake Michael, IA 94576"
336,669,Espinoza and Sons,Persistent optimizing instruction set,555-251-5120,"23657 Burns Knoll
Adamsfort, AS 33787"
337,670,Wilson and Sons,Devolved secondary focus group,(621)894-2667x58736,"48271 Jennifer Estate
Hernandezchester, WA 53003"
338,671,"Garcia, Olsen and Good",Stand-alone exuding capability,(535)941-7097x4976,"8545 Anna Point Suite 719
North Collin, AZ 08261"
339,672,Scott-Hanson,Exclusive multi-state methodology,6924049320,"680 Yvonne Court
Lake John, MN 85740"
340,674,"Bullock, Mccoy and Simpson",De-engineered 24hour algorithm,9022588195,"16322 Webb Stream Suite 478
Robertport, MP 27411"
341,679,"Williams, Moreno and Hill",Innovative analyzing portal,(591)527-1816x74748,"9350 Gonzalez Mountain
West Kelsey, AR 77919"
342,681,Ruiz-Hinton,Total 3rdgeneration moderator,540-603-7150x67693,"2273 Shaw Extension Apt. 442
Michellefort, RI 66685"
343,682,"Moore, Benton and Sexton",Decentralized bi-directional projection,415.336.6991x8321,"81129 Kelli Estates Suite 152
Port Mariah, AL 58783"
344,683,"Barrett, Valdez and Watson",Pre-emptive intangible customer loyalty,341.596.6539x62647,"45942 Castillo Path
East Aaron, PW 84644"
345,684,Greene-Flowers,Re-engineered fresh-thinking time-frame,942-982-3792,"72744 Andrew Plaza
Kellyburgh, SC 73750"
346,686,Howe-Mendoza,Monitored human-resource extranet,498-410-0481x184,"05567 Ross Knolls Suite 640
West Daniel, PA 64143"
347,691,White and Sons,Secured bifurcated focus group,739-678-6047x1743,"6303 Copeland Plaza
Jonesside, AZ 50558"
348,694,Schmidt Ltd,Function-based static circuit,(417)659-5065,"768 Singh Mountains Apt. 767
West Carrie, NV 47429"
349,696,Clark-Rivera,Progressive motivating portal,2692872143,"31480 Monica Valleys
Mitchellview, PA 39072"
350,699,Williams-Hernandez,Open-source object-oriented service-desk,+1-580-798-4492x47373,"74049 Salazar Heights
Luisville, OK 65772"
351,701,"Lopez, Combs and Baker",Sharable dedicated conglomeration,+1-507-619-7681x1402,"26748 Scott Union
New Robert, WY 02603"
352,706,Young-Mathews,Ameliorated explicit toolset,001-374-307-0556x453,"7504 Schmidt Fork
New Barbara, NJ 39259"
353,707,"Rhodes, Alexander and Cabrera",Decentralized real-time protocol,350.630.8191x3645,"8700 Joshua Burg Suite 864
Lucasshire, KY 68574"
354,709,"Arroyo, Owens and Hill",Managed dynamic analyzer,(462)387-5618,"51129 Andrews Heights Apt. 150
Jeffersonside, IA 70738"
355,711,Weaver Group,Managed full-range attitude,(838)555-5106,"623 April Street
Youngtown, MD 95195"
356,714,Torres-Hensley,Multi-tiered even-keeled focus group,889.838.2798x04746,"188 Seth Ways Suite 824
Lake Dawnmouth, GA 13044"
357,719,"Short, Gomez and Randall",Configurable contextually-based secured line,515-883-5557x34624,"0808 Lisa Square
Lake Jenniferview, IN 53955"
358,720,Mathis-Mckee,Multi-lateral tertiary leverage,600-433-8501x37853,"USS Zimmerman
FPO AP 09804"
359,722,Gilbert-Allen,Configurable neutral pricing structure,671.703.4340x75622,"754 Sean Turnpike Apt. 904
North Marissa, VA 74259"
360,723,"Stephens, Dixon and Frederick",Cross-platform fault-tolerant forecast,251-994-1656,"9241 Sanchez Islands
Fletcherhaven, NC 78551"
361,725,Taylor-Molina,Focused human-resource Graphical User Interface,720-425-2593,"9979 Stacey Brooks
Port Jenniferchester, RI 55226"
362,728,Lambert Inc,Progressive empowering contingency,858-685-6117x153,"107 Patricia Locks
Sanchezside, AK 72257"
363,732,Franco LLC,Focused bottom-line customer loyalty,7352241534,"6353 Lee Islands Suite 525
Jerryfurt, AR 66734"
364,733,Shaw-Chapman,Triple-buffered client-server access,5757531194,"725 Taylor Lights Apt. 197
New Andrew, SC 29029"
365,734,Bishop LLC,Cross-group 3rdgeneration paradigm,001-463-797-4614x9562,"237 Amy Pine
North Meganshire, AL 30835"
366,736,Barker Group,Synchronized national analyzer,001-296-521-9092x6681,"15845 Willie Loaf
Robertsberg, CA 83550"
367,738,Gibson-Anderson,Intuitive radical challenge,298-738-4546x7408,"4145 Smith Orchard Apt. 576
South Geraldhaven, IL 62206"
368,742,Singh-Velez,Organic object-oriented array,545-843-8503,"57990 Taylor Gateway Apt. 687
Port Brad, PR 72944"
369,745,"Perkins, Osborne and Jones",Diverse non-volatile core,+1-745-458-9546x02314,"884 Clark Lane Apt. 808
East Preston, UT 50674"
370,746,"Gray, Graves and Steele",Future-proofed multi-state adapter,001-254-367-1406,"PSC 6311, Box 7384
APO AA 62847"
371,748,Vincent LLC,Customer-focused exuding open system,(327)464-3747x375,"Unit 3209 Box 2187
DPO AP 17895"
372,753,Guerra Inc,Secured empowering middleware,896-498-2338x9825,"2579 Jennifer Neck
Scottstad, LA 52443"
373,754,Mendez-Butler,Self-enabling contextually-based paradigm,273-287-3433x6304,"506 Cross Mount Apt. 003
Johnsonview, MO 36519"
374,757,Wang-Gonzalez,Organized methodical model,(633)374-3434x4419,"58704 Anderson Ranch Suite 422
Riverabury, SD 02789"
375,761,Bauer and Sons,Pre-emptive foreground instruction set,(920)285-1593x8031,"398 Michael Bypass
Port Ian, AK 05487"
376,763,"Bolton, Walsh and Wiggins",Synchronized global contingency,588-455-4583x325,"353 Christine Drive Apt. 328
Jamesmouth, ID 79385"
377,766,"Glenn, Rivera and Mitchell",Streamlined demand-driven analyzer,001-427-699-0486x46684,"35148 Robinson Overpass
Lake Davidberg, MN 45947"
378,770,Pope LLC,Monitored high-level adapter,(484)275-6776,"15679 Burch Ways Apt. 811
Leehaven, IL 22790"
379,771,Anderson Ltd,Assimilated intermediate definition,+1-854-221-3857x69435,"03027 Nicholas Hollow
East Meredith, OK 75285"
380,772,"Perez, Butler and Lin",Customizable optimal parallelism,+1-564-874-2156x94560,"2058 Cohen Union Suite 923
South Daniel, SD 02375"
381,773,"Matthews, Patel and Short",Enhanced methodical support,2037302397,"18141 Kimberly Oval
Lake Johnview, AR 56714"
382,774,"Stein, Flynn and Evans",Persevering static challenge,001-340-734-7075x1327,"55214 Charles Plains
Aprilmouth, LA 46167"
383,778,"Watts, Long and Becker",Realigned 4thgeneration hub,691.589.5204x485,"67846 Brown Center Suite 597
Jonchester, TX 49379"
384,781,Stewart-James,Re-contextualized zero administration initiative,6048095877,"65208 Charles Unions
Michaelside, RI 47581"
385,782,"Nicholson, Smith and Richard",Synergistic background flexibility,(871)459-3040x840,"68219 Willis Shoals
Susanfurt, DE 63818"
386,783,"Brown, Hodges and Smith",Multi-layered 3rdgeneration conglomeration,895.619.1375x0324,"5664 Sheryl Prairie
New Stephen, WV 35315"
387,784,Medina-Ray,Vision-oriented grid-enabled neural-net,(936)964-7475,"25168 Henry Square Apt. 676
Millerport, DC 05462"
388,786,Willis-Hernandez,Monitored user-facing Graphical User Interface,+1-985-217-1586x236,"1006 Samantha Cape
Port Marie, WA 28873"
389,789,Chen PLC,Profound disintermediate moderator,247-419-0703,"364 Shepard Burg
Port Theresa, TN 54185"
390,790,"Fitzpatrick, Macias and Leonard",Enterprise-wide human-resource adapter,305.990.4289,"307 Monica Ville Suite 930
East Arthurfort, AS 16023"
391,791,Taylor-Mueller,Front-line bi-directional workforce,457.604.8294,"085 Flowers Mission Apt. 517
Chaseview, WY 06663"
392,792,"Miller, Hill and Stanley",Multi-lateral didactic framework,(353)592-6041x6659,"612 Daniel Knolls
North Angelaville, GA 63113"
393,793,"Hinton, Guzman and Stephens",Inverse asynchronous system engine,(325)494-8908x3824,"57986 Krista Bypass Apt. 283
New Rodney, PW 80419"
394,796,House Ltd,Configurable client-server protocol,+1-712-392-6825x752,"080 Debbie Key
North Mary, PR 67208"
395,797,Hobbs-Rhodes,Face-to-face asynchronous conglomeration,668-871-8274,"3891 Shields Avenue Apt. 451
South Michaelshire, RI 95694"
396,802,Harris PLC,Intuitive clear-thinking data-warehouse,(856)502-4579,"3532 Garcia Shore Suite 949
Roseton, IN 90529"
397,803,Peters-Patel,Enhanced 3rdgeneration hierarchy,+1-642-549-7680,"0849 Hartman Oval
Port Brian, ND 10256"
398,808,Hale Ltd,Advanced methodical framework,+1-202-898-3698x443,"836 Charles Alley
Amyview, AZ 08325"
399,809,"Fernandez, Thomas and Smith",De-engineered well-modulated capacity,8918645885,"3597 Carter Crossroad Suite 177
Andrewhaven, MS 86803"
400,811,Ramirez PLC,Multi-lateral tangible benchmark,815-414-8619,"846 Carol Points
Ortegaville, MT 56733"
401,815,Ray Ltd,Team-oriented radical standardization,765.942.5481x763,"8376 Garcia Trail
West Lisa, SC 31609"
402,816,Jefferson-Herring,Optional cohesive installation,001-968-206-7822,"5100 Mary Neck
Spencerberg, HI 33115"
403,817,Parker LLC,Re-engineered maximized function,+1-228-472-2088x566,"5365 Lisa Divide
West Pamelaborough, IA 72781"
404,818,Villegas Ltd,Enterprise-wide systematic middleware,867.931.9884,"81358 Wood Spring
West Christopherland, AK 04353"
405,819,Daniel Group,Ameliorated asynchronous time-frame,001-790-244-2328,"USNV Scott
FPO AP 54597"
406,820,Rogers-Bautista,Intuitive uniform policy,727-640-5679x02722,"9848 Davis Circle Suite 670
East David, IN 36416"
407,825,Gallegos-Lopez,Customizable eco-centric alliance,(723)321-6166x5126,"37373 Sarah Manors Suite 801
Port Ethan, VI 09453"
408,833,"Frazier, Lewis and Mendoza",Digitized intermediate productivity,690-886-1988x899,"767 Roger Dam Suite 109
East Seanfurt, CA 30830"
409,835,Pitts-Anderson,Pre-emptive tertiary emulation,610-958-5527x2745,"PSC 4893, Box 2809
APO AA 61051"
410,837,"Walsh, Owen and Garner",Inverse value-added superstructure,779.600.8794x2572,"Unit 2015 Box 1133
DPO AE 93939"
411,848,"Hernandez, Thompson and Parrish",Seamless fault-tolerant capability,+1-318-539-6688,"392 Kathleen Mill
West Samanthatown, WI 94788"
412,849,"Brooks, Lopez and Dunn",Mandatory dedicated utilization,001-445-352-2620x763,"195 Evans Radial
North Louis, HI 80722"
413,850,Burton-Kaiser,Robust zero administration structure,+1-835-548-8926x11920,"829 Perez Lodge Suite 916
New Brittanyland, WA 68198"
414,855,"Nguyen, Booth and Hernandez",Visionary empowering complexity,752-689-5360x682,"USNV Myers
FPO AE 25610"
415,856,Gibson-Melton,User-friendly intangible matrix,+1-553-692-6225x93303,"PSC 2285, Box 5472
APO AE 89805"
416,857,Bates Inc,Grass-roots national standardization,(955)871-0636x02764,"21608 Olson Hollow Suite 868
South Dennis, OK 76304"
417,858,Stein Group,Visionary responsive complexity,+1-787-432-3857x2941,"0767 Ryan Flat
Russellberg, FL 62777"
418,859,"Griffith, Sawyer and Williamson",Visionary discrete open architecture,001-565-243-0973x68526,"96223 Burton Green Suite 033
Andreburgh, ME 99596"
419,860,"Ballard, Doyle and Hughes",Fully-configurable reciprocal info-mediaries,310.910.3071,"65093 Gill Squares Suite 326
Port Tyler, WV 18676"
420,861,Bennett PLC,Visionary bandwidth-monitored monitoring,270-525-1475x293,"PSC 1558, Box 8868
APO AP 46272"
421,866,"Brock, Jackson and Roberts",Up-sized responsive alliance,+1-259-227-7326x566,"29139 King Forest
Lake Amber, CO 83034"
422,873,"Cline, Robertson and Jones",Robust multi-state benchmark,5967263664,"PSC 6178, Box 2117
APO AE 21408"
423,875,Landry-Wright,Triple-buffered mission-critical middleware,852.677.2665,"626 Davis Springs
Lucasview, CT 31077"
424,876,Williams and Sons,Customer-focused tangible instruction set,370-963-7034x297,"149 Elijah Heights
Carrieport, MO 11611"
425,879,Blankenship-Ortiz,Inverse incremental Graphical User Interface,565.459.5165x43140,"PSC 8088, Box 4585
APO AA 14962"
426,881,"Wood, Richardson and Frazier",De-engineered tangible encryption,001-486-439-4475x2960,"42622 Adams Cape
North Jesse, ME 46945"
427,883,Morris-Holloway,Secured 24hour alliance,001-573-377-7168x7916,"PSC 9798, Box 5414
APO AP 67360"
428,884,"Graham, Lee and Flores",Distributed homogeneous strategy,759.580.2535x19601,"6197 Robert Station Apt. 212
New Brian, RI 75937"
429,885,"Martinez, Mccarthy and Harper",Face-to-face asymmetric paradigm,001-856-644-5176x78876,"Unit 7375 Box 3310
DPO AA 77275"
430,886,Allen and Sons,Synchronized zero-defect groupware,001-703-280-0156x8142,"53917 Parsons Corner Suite 919
Kevinhaven, TN 49843"
431,888,"Thompson, Thompson and Kelley",Enterprise-wide impactful hub,640.237.0814x2012,"27360 Diaz Stream Apt. 683
Navarroview, CO 26679"
432,889,"Jones, Rush and Gregory",Up-sized bifurcated strategy,299-408-1249,"16892 Richard Hollow Suite 102
Wilcoxland, OH 54809"
433,890,"Turner, Bennett and Strickland",Profit-focused even-keeled middleware,001-814-588-8111x25083,"652 James Track
West Barbara, NE 33399"
434,893,Cochran-Moore,Function-based grid-enabled interface,373.375.1605x5020,"6241 Ayers Centers Apt. 678
Scottshire, ND 59691"
435,897,Moore Inc,Synergized bottom-line system engine,001-624-590-4456x18172,"012 Frank Street
North Ashley, CA 59262"
436,898,Greene-Butler,Organized local product,001-822-964-4407,"8956 Latasha Oval
South Kimberly, IA 34027"
437,899,Mullins-Berg,Cross-platform demand-driven intranet,469.506.9422x000,"5164 Jones Shore
Ianbury, MP 14923"
438,900,Sanchez-Rice,Sharable next generation application,001-971-801-1812x18220,"71100 Andrew Freeway
Weaverfort, MD 46080"
439,906,Mitchell-Avila,Public-key neutral capability,001-354-368-9833x70865,"1810 Evans Shoals Suite 334
Dustinville, ID 22406"
440,907,"Robinson, Lopez and Hess",Upgradable national workforce,9376807257,"4257 Michael Curve
Mitchellbury, AL 91262"
441,909,Dean-Anderson,Enterprise-wide demand-driven focus group,577.638.5950x5876,"753 Le Views
Thomasmouth, VA 31479"
442,911,Riley-Hill,Expanded asynchronous success,702-708-4937x44081,"36718 Roy Greens Apt. 185
East Leah, UT 44189"
443,912,Quinn Ltd,Down-sized system-worthy website,(595)794-8915x835,"5982 Emily Isle
East Rickshire, MD 23343"
444,915,"Anderson, Williams and Burns",Decentralized asynchronous core,769.658.7209x04318,"9967 Knight Light
Bellton, ID 22860"
445,916,Moore-Merritt,Secured web-enabled complexity,778.782.2348x996,"345 Johnson Junctions
Underwoodland, WA 79982"
446,917,Lynch Ltd,Enterprise-wide dynamic Local Area Network,001-555-460-7297x2877,"158 Sharon Springs
Lake David, UT 73803"
447,918,Vance-Crosby,Multi-layered bottom-line protocol,(827)463-0362x45523,"2467 Montoya Island
Josephside, PW 71451"
448,920,"Rodriguez, Ward and Travis",Progressive secondary matrices,(945)552-3321x1012,"2547 Cobb Crest
Port Amanda, SC 89541"
449,921,Bush PLC,Extended scalable capability,(338)218-5650,"25987 Roy Cliffs
North Ashley, RI 10716"
450,927,Jackson Ltd,Re-contextualized 24/7 hardware,001-317-596-5848x54553,"7914 Vance Lake Apt. 879
Karenton, GU 42006"
451,930,Landry-Johnson,Expanded dynamic concept,356.683.7489,"8366 Rachel Center
East Catherine, WY 90153"
452,931,Griffin-Christian,Open-architected responsive migration,001-870-704-6512,"000 Paul Cape
Jaimemouth, ND 29669"
453,932,Smith-Cooper,Ameliorated holistic system engine,385.455.9289x1395,"Unit 8675 Box 8230
DPO AE 41718"
454,933,Fox-Ortiz,Distributed transitional conglomeration,+1-215-475-7495x4024,"247 Jenkins Oval
North Anthony, MT 43684"
455,934,Mcmahon-Moore,Automated radical monitoring,652-558-9419,"53291 Barnett Plains Apt. 197
Nicholasfurt, HI 85875"
456,936,Colon PLC,Cross-group heuristic website,001-485-399-0472x5536,"1723 Stephanie Summit
New Rachelmouth, MI 79634"
457,937,Smith Group,Synchronized bi-directional definition,(210)479-2447,"3676 Larsen Ranch Apt. 299
Monicaside, NY 82077"
458,938,"Sandoval, Gallegos and Hunt",Synchronized heuristic structure,483-853-3086x10738,"91153 Olsen Mill
New Ryan, IL 40120"
459,939,Mcclain-Washington,Object-based zero administration concept,+1-223-360-6107x462,"8667 Martin Lake
Johnsonfort, OH 47701"
460,942,"Vaughn, Jackson and Brown",Public-key cohesive software,(692)736-3994,"2768 Gregory Vista Apt. 412
Sandraberg, NJ 06695"
461,944,Thomas-Miller,Multi-lateral demand-driven concept,968.329.4016x673,"900 Wilson Loop
Lake Stephenside, MH 38972"
462,946,Castillo Group,Implemented 6thgeneration hardware,353.466.8510,"477 Noble Manor Apt. 595
Thomastown, MN 30689"
463,947,May-Khan,Profit-focused asymmetric intranet,001-260-525-9968x572,"075 Webster Hill Apt. 856
Jonesmouth, OR 01177"
464,948,Olson LLC,Monitored interactive migration,001-865-748-5904x879,"58704 Penny Place Apt. 669
New Alexandermouth, MS 91900"
465,949,Butler Group,Grass-roots hybrid model,340-630-9589,"7304 Johnson Station
South Kathleen, WA 13155"
466,950,Goodman-Villanueva,Diverse fault-tolerant customer loyalty,(802)315-1119x582,"380 Lambert Trace Apt. 775
Andrewborough, GU 40519"
467,951,Roth-Larson,Cross-platform holistic groupware,4825392075,"5659 Macdonald Fall Suite 556
Benjaminport, MH 85326"
468,953,"Wong, Byrd and Davis",Multi-channeled hybrid database,685-936-7966,"303 King Branch
Melissamouth, TN 84173"
469,955,Smith Inc,User-friendly 6thgeneration matrix,885-247-8916x661,"84422 Hill Pine Suite 371
Gomeztown, NE 14672"
470,956,"Howard, Lucas and Morris",Virtual value-added adapter,+1-366-699-4085x029,"76760 William Brook Suite 860
East Yvonne, SD 63528"
471,957,Osborne Inc,Synchronized solution-oriented neural-net,613-904-3608x4794,"USS Nelson
FPO AA 21187"
472,958,Clark LLC,Balanced heuristic frame,001-618-432-9882x387,"688 Melton Mews Suite 874
South Ritaton, MA 72663"
473,959,"Roberts, Simmons and Shaffer",Virtual bandwidth-monitored challenge,+1-850-899-7876x848,"36763 Vega Circles Apt. 344
Billyborough, FM 65840"
474,963,Rodriguez-Martinez,Reactive bottom-line contingency,839.737.4550,"297 Johnson Points
Davidsonton, KS 35154"
475,964,"Martinez, Watts and Lewis",Configurable disintermediate installation,748.253.1568,"11944 Brown Crossing Suite 275
New Colleenshire, ME 08959"
476,971,Kemp PLC,Front-line intangible project,001-367-386-3828,"PSC 6361, Box 0123
APO AA 85945"
477,972,Gonzales LLC,Reverse-engineered neutral firmware,854.271.5217,"4020 Michael Fork
Trevorside, MP 12031"
478,976,Delacruz-Cole,Advanced bi-directional implementation,+1-723-898-3880x223,"1101 Jason Springs
North Brian, WI 74723"
479,977,Lee-Hickman,Innovative scalable adapter,+1-786-692-6285x432,"856 Taylor Trafficway
East Dawnbury, VI 94729"
480,984,"Martinez, Gonzalez and Stevenson",Horizontal upward-trending synergy,001-806-419-4051x585,"9790 Charles Motorway Apt. 759
New Travis, IA 90524"
481,985,Knapp-Johnson,Configurable logistical intranet,001-612-387-4058x845,"556 Arnold Mount Suite 053
North Angelachester, GU 13492"
482,986,"Garcia, Watson and Bartlett",Secured demand-driven solution,8744829457,"396 Cody Corners
Angelamouth, AL 66846"
483,991,King LLC,Profound well-modulated challenge,(970)462-4828,"405 Peterson Street Suite 091
West Nicholeview, NM 23850"
484,992,Schmidt Group,Pre-emptive reciprocal adapter,3892435114,"42855 Kristen Mountains
South Jasmine, DE 71722"
485,994,"Anderson, Murray and Berry",Synergized explicit system engine,+1-620-477-0067x9607,"311 Casey Path
Grossmouth, OK 27172"
486,995,"Jones, Diaz and Cruz",Visionary fresh-thinking infrastructure,(698)688-0443,"48003 Schmitt Knolls
Tonyafort, AZ 01381"
487,996,"Beard, Hudson and Nelson",Grass-roots fault-tolerant model,+1-764-891-7821x6997,"7238 Jennifer Passage
East Yolanda, GU 93647"
488,999,May-Lee,Ergonomic multimedia capability,+1-862-938-2378x675,"Unit 2555 Box 0684
DPO AE 25153"
