store_id,store_name,store_owner_id,contact_info,description,store_type_id,creation_date,rating,address
0,"Schneider, Fitzpatrick and Hines",53,842-627-6652x68464,Career participant and through ask drop environment.,5,2020-07-24,4.88,"984 Ethan Via Apt. 900
Garrettport, AL 78388"
1,Watkins and Sons,54,720.595.8886x82196,Friend tell assume worry sort test.,4,2023-10-02,3.49,"7923 Emily Causeway
North Jeremy, AR 92067"
2,Williams and Sons,55,(860)584-6665,Member idea especially believe network.,5,2023-10-28,4.26,"79273 Brown Port
Allisonbury, FL 54448"
3,Livingston-Randall,56,921-325-2054x883,Despite newspaper Mrs treatment.,5,2023-07-05,3.23,"077 Felicia Stravenue Apt. 239
North Brandonberg, WV 51799"
4,Jenkins Group,57,(669)634-5647x606,Suffer son he me cut.,3,2022-08-24,4.21,"12104 Gonzales Turnpike
Toddstad, AL 90666"
5,Morrison Ltd,59,001-966-268-8638x54882,Say heavy those through summer catch.,2,2021-01-28,4.3,"622 Ryan View
Patriciastad, GU 31771"
6,Williams-Hodge,60,450-886-5556x769,Fast claim individual community determine him drop.,3,2020-02-02,3.79,"34252 Hull Extension Suite 958
North Jacksonview, GA 72504"
7,"Clark, Gray and Watkins",63,571.577.8145x2872,Mind resource place poor save leader road.,3,2020-10-05,4.6,"2277 Matthew Square
Jasonchester, ME 28064"
8,Bailey Ltd,64,737.979.2634,Name try media arrive woman.,2,2021-11-02,4.88,"6116 Elizabeth Haven Suite 209
Jefferyshire, VT 36597"
9,"Franklin, Simmons and Dominguez",65,001-631-751-0230x50192,Tv trouble light thus region card huge.,2,2021-05-19,3.14,"7295 Adam Lodge
Scottville, IN 56404"
10,Cohen-Zimmerman,66,(226)435-0894x4646,Like player air rock.,3,2022-01-08,3.39,"USS Martin
FPO AP 25335"
11,Smith PLC,68,+1-959-672-7467x87706,Decide that share population be.,4,2023-05-10,4.55,"957 Kyle Lakes
West Stevenfurt, FM 65801"
12,Mckee-Harris,69,717.786.0143x13820,Avoid nothing site always yeah.,4,2023-01-04,3.29,"93137 Monica Spur Suite 795
East Brianmouth, MA 90468"
13,"Taylor, Hall and Newman",72,639-493-7841x3644,Law single possible five traditional sister.,3,2021-07-14,4.98,"0425 James Gateway Suite 031
Patrickhaven, AR 04704"
14,Nash-Mooney,74,455-369-1042x40338,Service message current summer.,3,2023-02-05,4.27,"6056 Roman Roads
Alvaradoberg, UT 19511"
15,Johnson-Baker,75,203-510-0906,Where book condition where nature win girl part.,2,2022-04-03,4.12,"991 Jennifer Rapids
Lake Whitney, CA 49002"
16,Coleman Ltd,82,(796)823-2484x1262,Mouth allow parent best contain audience.,4,2021-05-12,4.59,"854 Holland Corner Suite 987
Lesterville, GU 63053"
17,"Adams, Barrera and Hoover",83,+1-984-745-1509,Social Congress walk create image.,2,2023-03-12,3.77,"Unit 9435 Box 9927
DPO AE 53644"
18,Mccormick-Duncan,84,865.472.1001x777,Sometimes page financial you factor song while what.,4,2023-05-30,3.14,"965 Randall Club
East Melinda, MH 32665"
19,Bennett-Ray,85,862-800-0612,Try machine computer seven guess.,4,2023-08-16,4.24,"57164 Darrell Heights Apt. 383
Ronaldtown, NE 13116"
20,Owen-Morrison,88,473-475-6894,Note drive expect how appear.,4,2020-08-10,4.35,"250 Erik Course Suite 015
West Victoria, GA 64692"
21,"Stevens, Torres and Decker",89,285-831-5347,Ten probably or answer do range.,1,2023-12-25,3.41,"49895 Lucas Stream
West Kyle, VA 51220"
22,Bennett-Ellis,90,(697)265-7634,Central total full difference outside human.,5,2021-04-20,3.43,"USNS Harris
FPO AP 82485"
23,Barnes LLC,91,(592)971-3485,Have term bed accept soldier religious west.,5,2022-12-17,3.07,"6861 Martin Ranch Apt. 895
Port Carol, IL 72799"
24,"Baker, Wu and Cunningham",94,6823331302,Yourself performance decade investment.,4,2024-03-05,4.14,"7453 Aaron Knoll
Goodstad, OH 58915"
25,Mcdowell LLC,95,001-575-271-7051,Son for let.,4,2021-01-07,3.27,"2806 Jeremy Underpass
West Larryborough, MN 22739"
26,Vargas Ltd,98,001-577-733-5624x5030,Morning machine spend seven.,2,2023-08-19,3.2,"1022 Daniel Mills Suite 312
Lake Robert, NM 48627"
27,"Blackwell, Davis and Scott",99,729.665.6335x134,Base enter act have fish.,4,2022-11-14,4.66,"77215 Tanya Spur
Rebeccaport, ME 71582"
28,Huang and Sons,100,250.758.4172,So get which station action bag.,4,2023-10-15,4.38,"986 Mark Rapid Apt. 393
East Johnhaven, LA 82958"
29,Lucas-Harvey,101,(225)811-8757,Participant garden ask.,4,2023-06-13,4.7,"95138 Ford Mills
Port Taratown, OK 94659"
30,Johnson-Woods,102,(830)471-9878,Attack standard hundred cell.,4,2022-06-20,4.14,"Unit 3791 Box 4573
DPO AE 23340"
31,Obrien-Meyer,103,5392836859,Family interview agree.,3,2021-07-18,4.06,"115 Bauer Glens
Deborahton, IA 47427"
32,"Sandoval, Ramirez and Fernandez",104,810.968.2131x162,Movement stock take range.,5,2021-11-03,4.5,"69809 Lara Overpass
West Jesus, MP 36215"
33,Santos-Reid,106,(380)522-6981x5044,Federal fund such policy wait budget.,3,2022-07-15,4.54,"093 Fuller Shoals Suite 636
Ochoabury, ME 76283"
34,"Perkins, Robertson and Whitaker",109,266-526-9709x70410,Executive yourself easy budget any there contain mission.,4,2021-01-15,4.0,"43668 Cynthia Valley
North Christine, HI 93623"
35,"Moon, Long and Fitzgerald",113,531.586.4685x3318,Central particularly glass upon home minute power day.,5,2023-10-31,4.43,"34862 Smith Springs
West Michealbury, MS 17846"
36,Stephens-Melton,114,267.826.6396x38739,Impact theory foot.,3,2022-01-05,3.2,"PSC 5179, Box 7892
APO AP 09789"
37,Peterson PLC,120,524.752.5188x8007,Her similar report sit fill production.,3,2021-01-30,3.95,"Unit 2812 Box 1674
DPO AA 05337"
38,Shelton LLC,122,+1-342-908-2765x614,Board recent say company chair great few.,2,2021-12-12,3.14,"Unit 7668 Box 9868
DPO AP 21183"
39,Randolph Inc,124,894-421-2638,Draw to in second.,2,2022-10-18,4.5,"06196 Haynes Station
South Hollytown, IL 87201"
40,Harris PLC,125,(629)518-8631,Structure detail Democrat investment son capital.,1,2023-02-22,3.61,"Unit 5582 Box 7250
DPO AA 77579"
41,Bowman Ltd,127,(742)851-2946x68148,Need ground along create four set keep.,3,2020-09-03,4.65,"19987 Johnson Lakes Apt. 919
Port Ian, OR 41601"
42,"Elliott, Moore and Medina",129,+1-386-220-1632x31237,Bill account tonight.,2,2022-03-08,3.33,"9722 Mark Walks
New William, AS 38352"
43,"Vincent, Thomas and Morgan",131,001-430-592-9177x63021,Family learn their style individual answer bank.,5,2023-03-12,3.25,"5254 Monica Heights
Alvaradofurt, WI 84360"
44,Brewer-Kim,132,001-694-644-1234x3517,Alone bring keep much bank coach campaign.,1,2024-02-05,4.03,"6969 Andrea Lake Apt. 743
West Sergio, WV 00739"
45,"Bryant, Rivera and Mendez",134,3734826494,Institution simple talk approach box answer.,4,2023-10-02,4.76,"158 Valenzuela Tunnel
Marshallmouth, ID 53062"
46,"Olson, Deleon and Howard",137,001-507-882-9558,Sound indeed car picture world dream yard city.,4,2023-01-19,4.99,"5819 Parker Canyon
Christinafurt, IN 06159"
47,Black Group,144,2145666128,Bad year rest indeed air.,5,2020-04-11,3.63,"USCGC Rodriguez
FPO AP 42798"
48,Solomon Ltd,145,001-978-577-5876,Produce throughout service same final.,3,2020-08-05,4.65,"42040 Shelly Manor
Nancyside, OK 25563"
49,"Tapia, Rhodes and Armstrong",146,+1-476-410-5899,Early increase knowledge yourself throw.,1,2022-02-26,4.14,"756 Warren Haven
Wrightside, SC 19973"
50,King-Kim,147,(698)232-8759,Oil mean inside rise someone.,2,2022-01-30,4.96,"063 Brittany Forks
Port Heatherview, IL 32713"
51,Martinez-Sanchez,150,(384)904-5285x4244,Like scene possible music sure.,5,2020-06-10,4.77,"3690 Skinner Square
North Charlesview, WV 87816"
52,"Walls, Cohen and Riddle",151,972.393.8004x818,Top able citizen pick edge certain measure.,3,2023-05-31,3.21,"5925 Richard Isle Apt. 564
Lake Kelly, DE 55650"
53,Price Ltd,152,(710)521-6438x035,Worry might hold finally remain fund.,3,2020-10-14,4.68,"86432 Michael Springs
North Betty, MA 61634"
54,"Thompson, Gray and Gilmore",153,(280)718-5867,Less fast treat mean wait hit trial job.,2,2023-08-14,4.32,"3699 Michelle Mountains
West Bridget, ME 61300"
55,Guerra-Miranda,155,4028709891,Across shake range second.,5,2021-08-09,3.7,"1115 Jeffrey Trail
Stevensburgh, MH 56244"
56,Phillips-Wheeler,158,668-937-6890,Plan meet necessary high detail I international.,4,2020-08-04,3.58,"143 Roy Estate
Austinfurt, PR 13089"
57,Young-Herman,160,+1-958-349-3634x658,Tree three continue control.,5,2022-10-27,3.39,"2311 Amanda Harbors Apt. 802
Port Gregoryburgh, AZ 12940"
58,Ruiz-Fernandez,164,5838835993,Key produce foot against easy wear.,1,2023-06-13,3.18,"029 Marilyn Valleys
New Kaylahaven, HI 57061"
59,Jackson Group,166,614.374.8754x7575,Perhaps young unit.,2,2022-11-29,4.58,"4452 Jason Plaza Suite 472
Fosterberg, WI 03445"
60,Knapp Inc,167,(802)457-0709,While especially democratic bring source.,4,2021-07-02,3.99,"41712 Miller Ville Apt. 933
Loriborough, CO 70010"
61,Martinez PLC,168,263-387-6034x68917,While court natural six nice save article from.,5,2023-03-02,4.55,"54249 Summers Ridges
Port Michael, OK 05916"
62,"Johnson, Gonzalez and Jones",170,263.580.3859x12680,Carry term small say base of while probably.,2,2021-07-21,4.66,"9225 Michael Hills Apt. 782
Thomasmouth, NM 80036"
63,"Garcia, Campos and Collins",173,575.642.6870,Board attorney brother today land people many.,5,2022-05-03,3.4,"48719 Green Meadows Apt. 942
East Justinchester, FM 84545"
64,Wilson-Andrews,174,616.892.0267x50976,World policy production go.,1,2022-01-31,3.66,"88767 Blevins Overpass
Barronshire, PA 03605"
65,George-Walker,176,3817219539,Same consumer for and international.,3,2020-12-25,4.44,"89706 Larsen Gateway
East Markburgh, FM 74088"
66,Ortega Group,177,3496554395,House trial because blue.,3,2020-04-19,4.04,"51418 Scott Run Suite 786
Snowside, VT 77729"
67,"Martin, Walker and Cunningham",181,(728)828-0112x7144,Fast important among morning.,5,2021-02-09,3.93,"359 Chang Club Suite 039
Coreyland, NC 77653"
68,Thompson-Lane,184,+1-378-274-0308x67768,Check American stand walk.,3,2024-02-04,3.88,"2354 Carpenter Meadows
Thomasfurt, MI 61169"
69,"Johnson, Ward and Gilmore",187,+1-405-745-7781x984,Win serious door out.,5,2020-09-02,4.69,"719 Mcclure Expressway Suite 274
Catherineshire, VI 33514"
70,Freeman-Smith,189,243-987-8969x40785,Trade arrive until attack.,4,2023-04-23,4.82,"0920 Carter Plaza
Dawsonshire, ND 08300"
71,Mendoza-Allen,191,9422878929,Every bank really concern student.,4,2020-12-14,4.55,"9130 Kimberly Roads Suite 786
West Daniel, CA 43421"
72,"Thomas, Bowers and Spence",192,3644082556,Successful by western spend.,2,2020-03-16,4.29,"7163 Williams Hill Apt. 153
North Bettyshire, AZ 59228"
73,"Gomez, Rowland and Church",193,+1-269-805-6682x3020,Leg charge him two.,4,2020-09-09,4.69,"1680 Snow Via
Danielside, OK 43142"
74,Turner and Sons,195,+1-496-967-4306x3337,Shake born manage left memory possible represent.,4,2023-06-30,3.61,"01132 Teresa Shores Suite 055
Garzaland, NV 48405"
75,Little-Thompson,197,2529652689,Need draw goal building.,3,2023-01-30,3.78,"91381 Shepherd Flat
Roseside, MI 11058"
76,Yang Ltd,199,001-682-301-9807x336,Have research meet which so although speech.,1,2020-06-02,3.85,"73045 Sandra Crossroad
Port Jeffery, IA 14595"
77,Todd PLC,202,+1-207-545-7270x3777,Explain often soldier yourself believe site can structure.,2,2022-09-04,3.46,"3780 Scott Lodge Apt. 875
Alvarezville, NH 68978"
78,Kelly and Sons,206,879.655.2286,Rather both clearly responsibility billion but speech.,1,2020-07-05,4.89,"09165 Mack Brooks
East Charles, CT 41878"
79,"Roberts, Williams and Cox",208,219-967-3105,Learn fill much could.,1,2022-07-31,3.32,"61906 Martinez Isle Apt. 975
Lake Jenniferview, OR 77245"
80,Miller-Perkins,209,2508858934,Special language close some adult mission.,1,2021-04-26,3.96,"915 John Falls Apt. 958
Hillland, GA 66926"
81,Perez-Allen,216,+1-797-248-0436x6995,Send teacher glass senior course.,2,2020-08-15,4.55,"1067 Roberto Flats Suite 562
West Michaelstad, LA 50543"
82,Frazier-Mathis,220,+1-320-996-9994x04693,Heart at matter specific.,1,2024-01-21,4.73,"726 Henry Garden Apt. 734
Rebeccashire, LA 43484"
83,Rosario-Reed,221,+1-447-489-9393x9755,Total family rise true.,3,2023-10-23,4.92,"34513 Gary Keys Apt. 272
North Wendyberg, MP 00627"
84,"Foster, Cantu and Fox",222,9578453825,See turn along admit open.,1,2021-11-05,4.38,"36460 Diane Ferry Apt. 903
Clayburgh, NH 36317"
85,"Reyes, Griffin and Woods",223,579-999-5063x01153,Loss entire another southern machine son.,2,2022-02-18,4.09,"67117 White Land Suite 868
Arroyoborough, DC 01200"
86,"Callahan, Carpenter and Harris",224,001-889-892-3833x39177,Control listen role strong.,2,2020-08-18,3.38,"6661 Nicholas Stravenue Apt. 401
New Sandra, MI 93608"
87,Thompson-Ross,225,440-925-2565x32858,Market year serve economy successful increase instead add.,4,2023-05-13,3.76,"58428 Matthew Pike
East Joan, RI 73892"
88,Davis PLC,226,293-368-0761x7802,Main need government question raise include once.,2,2021-05-25,4.59,"4491 Stokes Summit Suite 248
Davisside, RI 37736"
89,"Allen, Yoder and Thompson",227,(243)729-8208x25462,Stop first dinner floor wide.,1,2023-04-02,3.04,"Unit 8588 Box 5509
DPO AE 86560"
90,Carter PLC,229,001-883-433-2632x8231,Music center computer describe treat someone.,4,2020-06-08,4.29,"9660 Bonnie Corner
New Kyleside, SC 32486"
91,"Richardson, Morris and Fernandez",230,+1-818-881-0059x9680,Stay stage fire weight purpose.,3,2022-01-29,3.41,"577 Tiffany Loop Suite 100
South Ann, MT 21817"
92,"Walker, Hall and Becker",233,524-651-7381x474,About write commercial modern space increase top report.,1,2023-05-31,3.98,"3613 George Junctions Apt. 132
Nicholemouth, WV 58135"
93,Jones-Taylor,235,2428320777,Back nearly evening quite.,2,2023-10-27,3.35,"1770 Danielle Harbor
Danielleton, NY 06259"
94,Green-Smith,236,+1-983-225-1098x686,Establish get address their explain tell executive perhaps.,1,2020-02-28,4.4,"61166 Sara Meadow Suite 227
Maryville, FL 88266"
95,Knox-Fletcher,238,835.479.5066,Style street building high improve affect.,5,2021-09-25,4.33,"832 Dodson Land Apt. 038
West Diana, NC 92616"
96,Floyd LLC,241,+1-982-373-1802x3933,Project cold evidence hundred media once film.,4,2021-04-08,3.53,"973 Grace Forks Suite 524
North Kyle, PR 11028"
97,"Dodson, Perez and Knight",243,001-369-391-4742,Run board over PM.,3,2024-01-02,3.45,"87171 Kristi Ranch
Port Lindsaymouth, MI 14225"
98,Cole Group,244,+1-805-529-9463x296,Short week find authority space serve reduce.,2,2022-05-17,3.12,"388 Jeffery Courts
Bethmouth, DE 37121"
99,"Vaughn, Page and Anderson",245,997.685.1736x5591,Action born really cell.,5,2024-01-24,4.37,"11161 Deanna Fort Suite 896
West Christina, SC 78020"
100,Mcdonald-Bates,246,+1-391-207-4665,Sound hair hair almost have Democrat.,1,2020-04-21,4.04,"8403 Douglas Views Suite 039
South Antonio, RI 70486"
101,Powers-Larson,249,+1-303-604-6937x054,Truth street address question herself live good site.,1,2023-08-04,3.94,"8808 Peterson Junctions
New Taraside, AK 50183"
102,Malone Inc,250,315.828.1872x46307,Age price weight.,3,2021-04-27,3.55,"21872 Rose Islands
Butlerton, PW 01399"
103,Wise Group,253,+1-721-701-6895,Ever entire you.,5,2021-07-21,4.95,"Unit 8214 Box 0105
DPO AA 53828"
104,"Ruiz, Williams and Ferguson",254,+1-578-707-8566x05876,Indeed performance serious manager.,1,2021-01-10,4.7,"20845 Cynthia Run
Danielston, TN 08213"
105,Freeman-Andrews,256,327-723-8037,Bad score yes employee many course hope budget.,4,2021-11-24,3.54,"9632 Allen Parks Apt. 017
Nicoleshire, NC 48062"
106,Robinson-Johnson,258,(948)639-5310x418,Bed white start anything drive own appear.,1,2022-05-24,4.65,"0818 Edwards Center
Ruizfort, MP 09792"
107,Shepherd-Harrell,259,001-703-732-6192x4564,Probably result pull long manager participant.,4,2023-10-29,4.67,"917 Edward Port
Port Keithfort, PR 49141"
108,"Estrada, Ochoa and Gomez",260,+1-725-994-0716,Then question any range.,2,2023-12-14,4.38,"4891 Jordan Drive Suite 597
Kylemouth, VA 26137"
109,Baker-Nelson,262,(762)327-3097x47596,Arrive heart prove fight team pressure instead Mrs.,4,2021-10-03,3.86,"60802 Vanessa Divide
Lowefurt, ID 19357"
110,Flores Inc,264,535.637.3665,Sure growth rule star term best business they.,4,2021-02-27,4.99,"06782 Gilbert Plaza Apt. 478
Calvinview, ID 07673"
111,Wallace Group,269,369.408.2899,At center right admit city hope.,1,2020-02-06,3.42,"924 Smith Ports
Heatherton, CO 47486"
112,Roman-Everett,271,475.381.7519,Public since maybe rock dark these case.,2,2023-01-14,3.82,"9742 Harrison Harbors Apt. 762
Boydfort, ID 16866"
113,Kelly Ltd,272,522-817-1520x357,Area return air bank government conference various.,3,2021-10-28,3.27,"8966 Chandler Neck
East Justin, SD 37129"
114,"Johnson, Bowers and Goodwin",275,001-893-319-8517,Guess at view five the walk bed.,4,2020-02-01,4.72,"092 Frye Park
Howellport, HI 30367"
115,Palmer-Holmes,280,(770)415-1456x898,That various eat.,3,2022-05-10,4.2,"Unit 8181 Box 5648
DPO AA 80120"
116,Hall Inc,281,604-949-7994x4468,Behavior response again moment power girl.,1,2020-08-13,4.69,"7932 Paul Rue
North Christopher, MO 87784"
117,Cabrera-Mcconnell,282,001-951-489-2534x5086,Reveal kind across.,2,2021-10-05,4.13,"50393 Andrews Mission Apt. 623
Hollyville, HI 71614"
118,Oconnor-White,285,401.977.5295x550,A each order board.,1,2022-12-11,3.11,"2625 Erin Freeway
West Janeland, MS 46381"
119,Gonzalez Inc,286,(525)627-4832,Theory him pay thank sell individual effect.,4,2022-08-28,4.37,"14668 Lee Field
Houstonfurt, VI 57649"
120,Johnson Inc,287,(509)504-5990,Stage discussion reflect born certain record physical.,2,2022-09-08,3.32,"3250 Henson Stream Apt. 360
Port Kevinshire, HI 81525"
121,Bender-Pace,289,487-627-9560,State attorney land require right eye.,5,2020-03-27,3.32,"431 Jennifer Burgs Suite 279
Escobarburgh, PR 28780"
122,Walls LLC,290,001-891-624-7855x342,Success head culture way.,3,2021-02-25,3.3,"64763 Jason Orchard
Michelletown, MA 77979"
123,Mcbride Ltd,292,3704098095,Maybe star them ok food improve.,1,2022-11-08,3.39,"408 Amy Oval
Lake Patrick, MI 84212"
124,Petersen Ltd,293,264.465.1036x5009,Know among state.,3,2020-11-20,4.96,"9432 Joseph Parkway
Rachaelborough, DE 57433"
125,"Wright, Ramos and Hampton",294,587-216-4766,Bit reduce knowledge mean staff already.,1,2020-08-14,3.67,"PSC 0342, Box 6303
APO AE 21228"
126,Young-Graham,296,+1-665-414-0250x8854,Opportunity maintain deep suffer want mention.,2,2021-07-27,3.36,"2907 Christopher Roads
Kariborough, MS 19282"
127,Mckinney Ltd,297,532-375-0841,Partner mention film rich lay push.,2,2023-05-08,3.51,"75594 Crawford Shoals
Lake Pamtown, OR 83923"
128,Deleon LLC,298,575-745-5553,Work whom create.,3,2022-04-19,4.1,"2600 Javier Vista Apt. 966
South Morganport, MP 19397"
129,Tapia-Murphy,302,756-795-1005,Task I dog determine measure thank moment official.,3,2022-12-31,3.05,"13031 Elizabeth Garden
Lake Amy, PA 10871"
130,"Conner, Myers and Garcia",304,(356)285-9679x9323,Similar training clear improve perhaps.,5,2022-11-01,4.73,"046 Todd Garden Apt. 786
New Noah, SC 75843"
131,"Blair, Roberts and Jimenez",305,(625)902-2637x217,Natural most strong one life.,2,2021-01-13,4.82,"153 Ochoa Station Suite 722
Port Emilymouth, MD 14761"
132,"Henderson, Williams and Chapman",306,(406)845-5890x668,Program scene eat tax.,2,2023-01-19,3.11,"7202 Tran Grove
Rebeccaborough, PA 38134"
133,Mooney Inc,307,215-794-3228,Owner south develop article crime.,1,2023-12-19,4.94,"96301 Reid Divide Apt. 590
Thomasberg, KY 38639"
134,"Page, Collins and Wilson",311,(754)420-3470,Out line administration see such back again.,1,2020-06-13,4.17,"105 Amanda Brooks
Maryfurt, WI 05295"
135,Zuniga Group,312,271-224-8499,Expect serious onto art movie see president.,4,2022-03-02,4.3,"6136 Sydney Courts
New Alejandro, UT 98620"
136,"Bell, Hale and Copeland",313,001-379-429-0414,Between develop pick difference if sometimes visit top.,5,2023-01-28,4.94,"641 Kenneth Island Apt. 595
Riceburgh, WA 34269"
137,Barnett-Clarke,315,001-588-836-3299x2902,Draw when computer key boy agency choose.,2,2021-03-18,4.12,"01229 Nicholas Alley
Lake Logan, WY 42165"
138,"Mendoza, Elliott and Garcia",316,7247198055,Close network top not apply rule.,2,2020-06-24,4.25,"Unit 5031 Box 5127
DPO AE 59011"
139,Haynes LLC,318,525.307.3584,Maybe gun bill out phone section.,1,2023-04-20,4.65,"68871 Joshua Freeway
Ryanland, NC 36933"
140,Adams and Sons,320,001-235-593-6220x95595,Kid ready book bed live understand role range.,2,2020-10-04,3.32,"2507 Robert Stravenue
Martinville, AK 84159"
141,Gibbs LLC,321,917-255-2904x14352,Good magazine shoulder design space production community.,2,2023-05-05,3.43,"059 Dylan Spurs Suite 730
Alvarezland, IN 59714"
142,"Miller, May and Sandoval",322,(661)308-8917x9894,Last majority full.,3,2020-08-19,3.72,"3803 Kelly Fort
East Barbara, MO 64207"
143,Crane LLC,324,655-495-8851,Blood half artist serious technology grow present.,1,2021-09-26,4.48,"3600 Hawkins Fields
Wiseview, FL 90094"
144,Smith-Allen,326,498.345.3013x03031,Her sign dream participant.,3,2021-12-09,4.58,"Unit 8569 Box 6002
DPO AE 24917"
145,Diaz Ltd,329,(243)736-3904x65733,Avoid media contain open national only international skill.,5,2023-02-15,3.15,"16560 Rodriguez Cliffs Suite 956
New Nicole, FM 02590"
146,"Harris, Klein and Lynn",330,984.747.7966,Size information set share.,5,2021-04-25,3.46,"86713 Smith Station Apt. 447
East Natalie, KY 76320"
147,Jones Inc,333,682-799-7311x297,Successful without nothing value relationship admit.,4,2022-07-15,3.62,"8912 Elizabeth Freeway Suite 387
Breannabury, MI 42977"
148,"Richardson, Stephens and Barr",337,600-297-9374x82690,Poor live skill fund organization.,3,2023-01-06,3.92,"9098 Savannah Ports
Port Kathleen, AR 54115"
149,"Morris, Harris and Garcia",338,524-461-9743x0946,Do their news.,5,2023-05-22,4.42,"696 Christensen Lane
Brooksberg, IA 01464"
150,"Brewer, Nelson and Hutchinson",340,313-871-8128x21787,Listen suddenly water seek.,5,2022-10-16,3.72,"22342 Evans Brook Apt. 334
Carriechester, MT 24813"
151,Cunningham PLC,343,(886)581-3637,Idea join past heavy six.,2,2023-11-05,3.71,"55547 Tina Stravenue Apt. 492
Douglaston, MH 80413"
152,Silva PLC,344,(674)257-5835,Travel develop wind interesting next method.,3,2023-05-17,3.9,"USNS Waters
FPO AA 61219"
153,Gutierrez-Villanueva,346,519.649.8402,Ball rich decade arm specific to maybe.,5,2022-05-05,4.13,"918 Karen Junction Suite 111
Holdenfurt, WI 76123"
154,"Vega, Gilbert and Wright",347,345.948.4164,Sense wife detail gas according remember sell.,3,2022-06-10,4.22,"515 Angela Drive Apt. 720
Port Destinystad, NY 27749"
155,Moore Group,349,297-673-7314,Stuff various TV lot everything such production election.,2,2020-05-15,3.43,"8888 Leslie Cliff Suite 898
Kevinbury, MN 14088"
156,Duncan Group,351,711.539.4885x57068,Court read surface much base.,5,2021-03-12,3.88,"20882 Heath Route
Kristyberg, MN 32162"
157,Evans-Crane,353,666.390.7542x71467,Safe thought four.,5,2022-06-18,3.26,"75446 Marie Haven Apt. 591
West Samanthaborough, NM 74420"
158,Acosta-Young,356,295-487-7732x2354,By vote expert environmental spring.,5,2023-01-14,3.43,"7120 Julia Inlet Suite 678
East Seanfort, LA 16890"
159,Porter PLC,358,505.809.0237,Available my when ok begin say resource.,4,2024-02-02,3.82,"70566 Martinez Ville
Meyerview, AS 86966"
160,Calhoun Group,359,985-599-4706x89238,Sense doctor expect city.,4,2023-07-12,3.98,"172 Bridget Land
Huntville, SC 89186"
161,Larson-Fitzgerald,360,+1-404-405-1505x954,Member case receive manage.,2,2023-06-08,4.09,"5776 Robinson Course Suite 938
Port Christopherborough, MS 25101"
162,Scott-Parker,362,492.965.5690,Nothing station miss mention.,1,2023-10-26,3.08,"Unit 1381 Box 1054
DPO AP 95764"
163,Johnson-Ford,363,261-611-9293,Nice upon little of range believe.,5,2023-08-30,4.1,"53451 Debbie Wells
New Jennifer, MH 06184"
164,"Rios, Parker and Carr",364,+1-625-921-3257x7929,However great all leg important.,4,2022-07-20,3.81,"6432 Jonathan Mills Suite 496
Samanthaport, PA 91930"
165,Martin Ltd,367,001-380-624-7549x86556,Form future manager institution.,3,2020-06-15,3.93,"1156 Lawrence Islands
Monicaland, MO 17982"
166,Porter-Edwards,368,+1-210-781-5154,Couple customer under treat.,3,2021-07-15,3.26,"49810 James Green Apt. 002
Sharonburgh, IL 15205"
167,Shaw-Roberts,369,397.600.0922x2926,Drive throughout sense party production.,3,2020-03-18,4.3,"98337 Frazier Turnpike Suite 376
Samanthatown, SD 64506"
168,Miller-Barnes,373,001-709-513-1499x736,Street industry sort never bed responsibility me yard.,4,2023-09-25,3.59,"Unit 5222 Box 4608
DPO AE 20342"
169,Burke Group,374,+1-836-816-7298x88323,Total physical tough term add capital.,3,2021-01-03,4.62,"343 Diana Valleys Suite 673
Lake Andrew, MP 28040"
170,"Wagner, Bennett and Martin",375,441.592.7041x1516,Strategy hit amount exist rule charge suffer responsibility.,1,2024-02-29,4.66,"PSC 5785, Box 8430
APO AA 12600"
171,Stein-Burns,376,(296)723-7449,Work part miss book figure ever.,2,2022-02-12,4.03,"954 Peters Mall Suite 570
East Jasonhaven, PW 11611"
172,Hoffman-Perez,377,+1-626-662-8867,First issue eye level technology.,4,2023-05-24,4.81,"PSC 9899, Box 4000
APO AP 83870"
173,Norman LLC,380,+1-596-589-7294x2343,Care art information pay use only wall.,2,2023-02-09,4.55,"97164 Robert Shore Suite 828
Ericaburgh, AK 88155"
174,"Huff, Cameron and Robinson",381,7185767720,Design arrive wind watch treat big appear.,3,2021-05-18,3.18,"41589 Beth Forges
Lake Jasonfurt, SD 46259"
175,Parsons-Burns,383,(667)388-9478x4617,Top discuss account also lead yes.,2,2020-07-13,4.02,"954 Smith Rest
Saratown, AR 49619"
176,Shelton-Klein,387,999.528.8045x72236,Other threat strong skin lot.,4,2020-01-22,3.72,"755 Melissa Throughway Apt. 612
Duanemouth, PW 68092"
177,Turner Group,388,001-755-335-5808x128,Occur watch tax modern institution provide southern.,1,2022-08-24,4.58,"440 Charles Walk Apt. 005
Petersfurt, CT 59181"
178,"Gardner, Thomas and Ramos",389,588-316-8868,Degree reason site true level significant something.,1,2020-03-06,4.04,"4212 Walter Gardens
Chadberg, RI 02606"
179,Reynolds PLC,390,+1-266-225-8217x6560,Career heart after certainly quite floor city.,2,2020-05-15,4.88,"86032 Daniel Extension
Rodrigueztown, MO 94093"
180,"Johnston, Morris and Bailey",391,(630)943-8876x5350,Live figure billion ago always box.,2,2021-11-07,3.56,"9614 Frye Tunnel
Samanthaport, AL 71732"
181,Gould-Francis,392,811.324.6548,Me early glass.,1,2021-08-14,4.3,"24233 Cox Trafficway Suite 499
Marshallmouth, IA 82866"
182,Schroeder-Gill,393,(464)221-2833,No appear job certain picture.,3,2020-03-21,3.87,"1701 Atkinson Harbors Suite 236
South Jamesberg, NH 24969"
183,Bennett Inc,395,803-925-4663,Style enough government rock.,1,2020-01-29,4.78,"162 Herrera Knoll
Port Deborah, DE 26474"
184,Ball Ltd,396,001-756-451-2454x067,Term involve pretty national.,3,2021-12-19,4.68,"088 Lori Rapids Apt. 882
Tannerchester, TN 36150"
185,"Young, Anderson and Hale",397,862-606-3048x04728,Do do avoid act.,4,2023-03-16,3.78,"755 Long Meadow
Davidshire, PW 18768"
186,Jackson Inc,398,638-611-9504x626,Because arm animal sit listen.,5,2022-09-27,4.76,"6414 Barber Ways
New Margaretville, MT 35158"
187,Sanchez Ltd,399,+1-266-896-6528x14069,Call listen its force.,5,2023-06-29,4.62,"759 Justin Wells
New Aaronburgh, KY 06963"
188,Noble Group,400,243.365.7308x4489,Energy player believe.,5,2024-02-16,4.58,"608 Catherine Valley Apt. 136
Allenshire, CT 77287"
189,Collins and Sons,401,(481)240-0113,Actually night group important born avoid.,1,2023-01-20,4.83,"3752 James Bypass
Bushton, GA 55061"
190,Wilson Inc,403,9157330680,Conference heart crime their research.,2,2022-11-07,4.26,"2470 Logan Meadow Apt. 484
Port Heatherton, WY 15088"
191,Martinez-Hensley,404,(372)881-7855,Southern certainly guy entire government.,2,2022-01-30,3.46,"05162 Stephanie View
North Nancyberg, NE 25252"
192,Johnson-Allen,405,8739054368,Lose account recent after that population.,2,2021-01-22,3.54,"73993 Simmons Road Suite 855
Julieton, RI 14834"
193,Estes-Cooper,408,360.439.1926x17973,Organization suggest federal game group benefit.,1,2020-09-04,3.39,"USS Sawyer
FPO AE 00931"
194,Fischer-Allen,410,(828)546-8215,Soldier mouth though believe success add race.,5,2020-02-15,3.45,"Unit 0948 Box 0238
DPO AE 12947"
195,Allen-Miller,413,235.471.8889x6009,Culture win red old.,2,2020-04-12,4.03,"359 Erika Mills
Port Megan, WA 16754"
196,Gonzalez Ltd,416,001-552-914-0582x666,Knowledge try else consumer.,5,2021-07-27,3.93,"678 Hernandez Shoal Apt. 280
Benjaminport, DE 80535"
197,Jensen-Graves,417,4717258083,I look how name.,4,2020-07-01,3.9,"06554 Mary Row
South Tony, IA 97385"
198,"Douglas, Fernandez and Shepherd",418,952-244-1508x8155,Instead gun offer approach.,2,2023-08-11,4.12,"5203 Robert Fords
Brandtberg, ND 66332"
199,Bowers PLC,422,353.206.2942,Song strategy show TV computer might money.,5,2021-04-23,4.43,"004 Vazquez Circles Apt. 076
West Melissa, FM 56678"
200,Villa-Middleton,423,+1-287-645-7031x7253,Process foreign economy result perform affect.,5,2023-11-23,3.33,"3735 Livingston Park
New Austin, IL 86594"
201,"Reyes, Walker and Bryant",426,+1-795-664-6482x51609,Career quite red attorney region idea or.,1,2021-08-18,3.99,"2143 Jamie Coves Suite 055
Hernandezborough, ND 88899"
202,Green-Nguyen,427,001-399-830-0707,Republican organization kind senior.,5,2024-02-12,3.93,"21262 James Glen
Nguyenmouth, PA 27221"
203,Hayes LLC,429,719-251-4201x7432,Trip ago garden.,1,2021-12-24,4.41,"005 Knight Pines Suite 872
Shaunhaven, NC 39440"
204,Sanchez-Schroeder,430,337.501.4221,Hotel whose machine why certain tax.,4,2024-01-31,4.48,"Unit 2640 Box 5036
DPO AP 66402"
205,Young Ltd,432,284-963-6565,Exist task media some adult sense everyone.,5,2020-05-18,3.74,"51483 Sarah Mall Suite 789
East Frankshire, CO 98790"
206,"Sanchez, Wheeler and Rodriguez",434,383.328.2103x0062,Couple president couple.,5,2024-01-07,4.3,"26608 Hebert Haven
Watersburgh, AR 29414"
207,Wolf-Hunt,435,725-357-8199x5273,Level with develop within.,5,2023-05-29,4.85,"5130 Jones Fort Apt. 584
North Ryanstad, KS 95160"
208,"Holland, Payne and Wilson",437,859-930-9068,Song big impact baby magazine live grow.,3,2022-11-30,4.37,"5404 Clark Square
East Mariachester, MI 99941"
209,Miles Ltd,442,786-737-2737x81484,Million national sound this eat all.,5,2023-01-28,3.39,"45018 Gibbs Drive Suite 201
West Aliciaberg, MN 61227"
210,Miller-Thomas,445,6964557782,Enjoy carry born do raise none.,2,2022-01-16,3.28,"759 Joseph Expressway
East Normanberg, NY 04932"
211,Swanson Ltd,447,231.627.0497x45808,Agreement shoulder must door Mrs central learn.,4,2023-11-16,4.42,"395 Bowers Landing Suite 055
Halltown, ND 11945"
212,Padilla-Jackson,451,9912615285,Start heart decide fly effort also.,2,2020-12-22,3.65,"2041 Hall Court Suite 274
Charlesborough, WI 54474"
213,Davis Ltd,454,964-728-5402x0048,Century improve kitchen camera discuss sure.,1,2023-08-13,3.97,"40423 Brown Tunnel Suite 891
Bergshire, IL 75520"
214,Taylor-Alexander,455,001-226-961-3458x93477,Couple window development defense.,2,2023-08-27,3.8,"962 Nicholas View Suite 266
Port Markshire, IA 06764"
215,Kerr and Sons,459,(581)603-5573x097,Blood about feel scene rich late.,5,2021-05-31,3.92,"75786 Catherine Harbors Apt. 919
Sandersfort, DE 85280"
216,Schaefer-Marquez,460,001-673-472-5700x696,Bill pull court.,4,2020-02-02,4.45,"100 Williams Street
West Jenniferfurt, FM 47831"
217,"Cortez, Morris and Santos",461,(317)364-4740x12270,Manager where clearly.,2,2021-11-01,3.76,"927 Snyder Ridges
Port Mark, MH 20934"
218,Bowman-Gonzalez,462,(530)537-2630,Feel minute grow quality professor own loss.,3,2020-04-17,4.23,"512 Lucas Lock Apt. 340
Samanthaview, VI 95459"
219,Stone-Hale,465,(816)303-9451,Check somebody and both recognize find particular.,5,2022-04-18,3.95,"262 Cole Lakes Suite 283
North Melissa, NC 57091"
220,"George, Morrison and Grant",466,231-495-2617x73765,Various dream fly indicate back beat.,2,2021-06-15,4.39,"91256 Stevenson Ridges Apt. 990
South Bryanview, ID 04907"
221,Mckinney PLC,468,806-610-6363x8062,Church society third again cost suffer.,4,2022-05-14,4.77,"4193 Jennifer Underpass
Brettbury, AZ 37540"
222,Sullivan LLC,471,001-252-906-2865x497,Traditional wind research increase eight likely current right.,2,2023-12-23,4.24,"0271 Kimberly Alley
Lake Lorraine, FL 80863"
223,"Fuentes, Norton and Ward",474,7198739916,General boy however must minute.,5,2023-10-11,4.21,"511 Carl Rest Suite 920
South Crystal, MD 31636"
224,"Yang, Fernandez and Young",478,748-716-8516x722,Role fire field lay skin another grow public.,2,2022-07-23,4.48,"PSC 7666, Box 5657
APO AP 22981"
225,"Peterson, Diaz and Martinez",480,983.849.4982x1736,Notice ten every commercial up mother.,3,2023-04-09,4.64,"9283 Dennis Green
Jefferyfurt, NH 76155"
226,Jennings PLC,481,001-981-473-9428x8012,Front memory experience get without visit.,5,2021-12-28,3.15,"8819 Stephens Lakes Apt. 011
Santosfort, WY 56256"
227,George-Williams,486,355-827-2855x0283,Next computer baby image save.,5,2023-08-18,3.9,"6473 Paul Branch Apt. 986
West Stefanieville, CA 26590"
228,Martinez Group,487,+1-223-405-1456x71497,Dog read present design every him have interest.,3,2020-04-14,3.48,"7219 Anderson Turnpike Apt. 337
Lawsonmouth, CA 49055"
229,"Coleman, Mckay and Mcfarland",491,(415)467-0015,Reveal gun how fish huge.,2,2023-02-10,3.72,"8003 Jacob Parkway
Jameshaven, AL 37453"
230,Bradford and Sons,492,001-510-249-1095x43066,People subject daughter set tell me dream who.,1,2020-08-01,4.09,"24788 Christopher Lodge
Watkinsfort, GU 31105"
231,Mcdowell LLC,497,968.526.1591x712,Feel short least consumer.,3,2022-05-02,3.78,"86743 Gentry Forest Suite 985
Lake Cynthiahaven, DE 17292"
232,"Griffin, Gibson and Chavez",501,(718)951-9458,Occur side book student positive.,5,2022-11-16,3.49,"1351 Austin Ridges Suite 390
Port Annshire, DE 64866"
233,"Smith, Mcintosh and Ross",502,+1-292-535-6832,Fish collection throughout turn conference audience.,1,2024-01-21,4.54,"609 Little Place
Brownshire, MT 72550"
234,Kirby-Davis,503,871-808-2412x71190,Perform lay right day push decade today.,4,2020-06-04,3.8,"946 John Square
Williamsberg, GU 32655"
235,Flores-Gomez,507,(207)957-6085x32293,Security style into know believe station site.,5,2022-08-17,4.62,"4041 Dawn Forks Suite 273
Tiffanyland, PW 13459"
236,Adams-Case,508,877.949.6404x001,Today life throw here its choice.,2,2023-10-20,3.35,"8159 Sharon Field Apt. 023
Hodgebury, SD 11890"
237,Benton PLC,510,001-582-271-7007,Product thus together.,5,2020-08-19,4.95,"6013 Johnson Extension Suite 550
Paulberg, ND 45876"
238,Gonzalez-Carter,511,660-792-2775,Social arm option your wife.,5,2021-06-22,4.11,"32606 Tyrone Camp
Port Cristian, NE 44151"
239,Singh Inc,512,+1-674-882-9528x7530,Sign role sport cell fly personal society week.,5,2020-08-20,3.4,"83611 Reginald Walk
Lake Tamaraborough, PA 82974"
240,Crawford PLC,515,+1-798-588-7247x90814,Big we picture throw kind light.,3,2022-04-19,3.76,"Unit 6388 Box 4619
DPO AA 29477"
241,Neal PLC,518,+1-295-492-7815,Accept letter man about space seven.,2,2024-02-09,3.18,"89017 Diane Ports
North Peter, FM 29391"
242,"Swanson, Jones and Guerra",521,863.219.4870x8384,Customer attack dark seem.,2,2023-03-05,3.55,"5221 William Shoal Suite 352
North Reneebury, MO 21811"
243,"George, Rodriguez and Mendoza",522,405-714-4449,Large ahead civil part.,4,2020-02-22,3.4,"898 Amber Camp
Jimenezborough, PA 59331"
244,"Roberts, Brown and Kaufman",523,(497)543-7666x775,Try certainly remember person.,3,2024-03-05,4.26,"4356 Ball Corners Apt. 952
Webbville, KY 49528"
245,Gallagher-Hunter,525,588-381-3906x776,Wide senior economy wife Mrs against seven.,3,2020-11-29,3.71,"9463 Gardner Fords Apt. 636
New Sarahberg, GA 96781"
246,Rose-Andrews,531,633.618.4129,Our yard and office.,5,2021-08-25,3.45,"81921 Hoffman Lakes Apt. 379
West Victoriaborough, UT 43406"
247,Rose-Watkins,532,384.670.7843x1435,Else already center here.,3,2021-05-05,4.48,"5241 Kevin Lodge Apt. 744
New Davidmouth, VA 67492"
248,Castillo-Duncan,533,663-391-9391x73180,Social before indicate service sign report.,3,2021-01-05,3.36,"7227 Mark Squares
Port Lisa, TX 97783"
249,Morales-Weber,538,7303533176,Eat be alone I message first.,2,2020-11-28,4.85,"0330 Marsh Vista
Lake Erikmouth, IA 35143"
250,Steele-Werner,541,(549)305-7884,Any serious son difference direction same right.,5,2021-10-18,4.72,"3943 Young Valley
South Stephanie, WA 03707"
251,Smith-Caldwell,543,+1-754-577-3331,Card word radio before parent authority coach.,3,2023-03-23,3.38,"737 Christian Lodge Apt. 336
Melissamouth, MN 02750"
252,Clayton and Sons,544,753.973.4080,Yard your method assume kitchen environment yes.,2,2020-07-06,3.21,"426 Nicole Plaza Apt. 044
South Michael, NH 14617"
253,"Hoffman, Blackburn and Davis",545,712-671-6582x5371,Line agree building analysis structure agency experience.,4,2021-04-02,4.2,"27162 Michelle Parks
East James, MH 29210"
254,Taylor-Thomas,548,001-746-618-0547x8129,If class recently worker.,3,2022-01-12,4.0,"7125 Love Ways
South Noahhaven, AL 42130"
255,"Clark, Reyes and Ferguson",550,226-541-2640,Year only able majority suggest dark.,5,2021-12-30,3.02,"3602 Potter Rest
New Timothyland, PR 57883"
256,Whitney-Hudson,552,+1-794-894-1338x894,Real speak senior budget.,5,2023-04-27,3.62,"0842 Estrada View Apt. 868
New Thomas, MP 36962"
257,King-Garcia,554,+1-979-954-5040,Compare strong alone upon future.,1,2024-01-20,4.76,"3042 Alexandra Extension
Lake Mallory, GU 14234"
258,Love-Cook,555,(954)403-7898,Involve front see north.,2,2023-10-28,3.6,"107 Clark Street Apt. 217
Perezton, OR 58371"
259,"Ferguson, Doyle and Williams",556,2556782626,Worry establish on vote ask.,4,2023-08-01,3.52,"554 Turner Highway Apt. 722
Cameronton, FL 74681"
260,Smith Group,557,001-254-582-4464x501,Lay develop against phone gun budget.,1,2021-03-16,4.29,"446 Ashley Land Apt. 981
Burnsside, PA 02324"
261,"Flowers, Reed and Reeves",558,+1-624-765-4656x784,Well one state white particular east several.,4,2021-05-17,3.09,"2460 Elizabeth Extension
Lake Amanda, PW 40211"
262,"Phillips, Chambers and Delgado",559,+1-753-375-1804,Lot wrong Congress fish sea.,1,2020-09-20,4.67,"5662 Choi Stravenue Suite 319
North Josephtown, AK 68497"
263,Jordan LLC,560,780-702-1493x10353,Realize place approach idea idea summer challenge.,4,2020-10-08,3.95,"967 Farrell Via
Allisonville, KY 11408"
264,Myers-Sexton,561,+1-460-235-1990x75642,Idea believe whose may.,3,2022-07-09,3.77,"394 Montgomery Parkway Suite 153
Caseyport, AL 68778"
265,"Rodriguez, Stafford and Jennings",562,+1-863-779-2579x951,Figure idea center similar to east.,4,2020-01-14,4.67,"98809 Turner Island
Nguyenton, IN 35713"
266,Mathis Ltd,563,923-346-6784,Tv leave economy soon discuss power.,4,2020-11-14,3.3,"90050 Miles Inlet
Brendashire, GA 38301"
267,Gonzalez LLC,566,+1-981-585-6481x198,Field civil picture impact.,2,2023-03-25,3.39,"27583 Dickson Green
Port Rodney, MN 56044"
268,Thomas-Neal,569,960.276.0008,Occur page interest tonight television me.,5,2021-09-26,3.72,"30424 Johnson Roads
New Anthonymouth, KS 02782"
269,"Jennings, Romero and Bentley",570,001-919-309-7560x087,They debate couple air.,1,2020-06-16,3.17,"USNS Byrd
FPO AP 38634"
270,George-James,574,(329)884-2997,Final mother fill economy line account.,2,2022-07-06,4.18,"072 Robin Mission
Ericksonmouth, LA 84892"
271,Vargas-Bell,579,376.695.0307,These marriage successful article couple begin protect.,5,2021-10-03,3.9,"0182 Rodney Port Suite 506
West Sherry, MH 75760"
272,Hubbard PLC,580,884-579-6412x68064,Mean professor boy modern above after Congress.,1,2020-05-06,3.84,"66643 Hughes Estates
Taylorland, LA 68049"
273,"Velasquez, Mason and Bentley",583,546-405-4710,Trade foot early military wrong by Republican.,1,2023-11-17,4.87,"927 Levine Vista Apt. 392
Guyport, KS 85606"
274,Bates PLC,587,+1-909-424-9836x96616,Answer coach product specific score.,4,2022-07-15,4.66,"93711 Anthony Valleys
Port Richard, AZ 75996"
275,"Carrillo, Lee and Moore",588,951-401-8866,Key process boy up computer financial there difference.,3,2022-02-17,4.95,"11052 Wood Extension Suite 782
Robinsonfort, IL 45686"
276,Torres Inc,590,(798)604-4910,Many cell compare learn together model.,2,2021-01-16,4.8,"413 Melinda Unions Suite 155
South Carloshaven, CA 53737"
277,Warner-Weber,592,353.722.9788x30713,Product senior phone result yet marriage.,5,2021-06-02,3.87,"64016 Owen Village
Huntshire, LA 81779"
278,Mitchell-Lewis,593,705-408-8275x07311,Fish learn court kitchen.,3,2021-10-13,3.33,"Unit 5710 Box 9601
DPO AP 24299"
279,Bradshaw LLC,595,+1-747-265-2071x15400,Teach type under career difficult dream.,1,2023-05-12,3.19,"1658 Lewis Fall Apt. 472
North Julie, AS 71179"
280,Carroll-Sellers,596,593-984-5959x6945,Staff join ground answer at cover.,3,2022-02-16,4.51,"81763 Jeremy Lake
Tracymouth, MD 85074"
281,"Rojas, Banks and Kim",597,001-738-984-0460x61073,Gas by everyone skin.,5,2020-12-20,3.53,"802 Carter River
New Joelview, IL 06452"
282,Simmons-Smith,598,(673)747-6996x7107,Serious according people need.,4,2022-01-19,4.49,"758 Cindy Shores Suite 058
Lake Ashleyshire, VA 60942"
283,Diaz-Nichols,599,001-208-540-0823x611,Difficult land edge method I man face.,3,2020-05-30,3.33,"PSC 8523, Box 6120
APO AA 21637"
284,Russell-Ramirez,601,+1-990-916-2804x27809,Else news store boy.,4,2021-02-06,4.24,"638 Christopher Track Suite 590
West Ryan, VT 28069"
285,"Bates, Castillo and Woods",602,001-925-741-2322x079,Appear ball reveal actually travel back with.,2,2021-10-01,3.34,"4801 Carroll Ford Apt. 641
South Matthew, FL 98436"
286,Schneider and Sons,603,(451)785-9017x2576,Other cultural board control over sort environmental.,5,2024-02-29,3.52,"75888 Wilkinson Roads Apt. 463
Randyburgh, NE 50821"
287,"Wade, Smith and Myers",604,407-249-7075,Such majority which magazine your wife offer.,2,2021-04-29,3.44,"3261 Mary Isle
Port Charles, CO 92620"
288,James-Sanders,607,958.489.9145x2528,Clear throw Republican choice try.,3,2023-02-27,4.51,"26515 Kristie Passage Apt. 472
Port Cherylview, MO 86993"
289,Williams-Richards,608,326.557.5295,Institution effort discuss.,2,2020-11-05,3.41,"151 Sherman Mills Apt. 522
Samanthaport, DC 32559"
290,"Gonzales, Cooper and Simmons",609,(990)641-5056,Environment century enter claim.,3,2021-03-16,4.16,"2919 Joe Drive Suite 454
New Jessicaborough, KS 84786"
291,Williams-Murphy,612,(912)288-5756x61234,Nation trouble issue under house owner ready.,4,2020-12-21,3.24,"8428 Crystal Shores Suite 514
Ryanfurt, AS 27209"
292,Jimenez Ltd,613,(728)735-5653x490,Full red animal soldier.,5,2021-10-17,3.78,"723 Deborah Tunnel Suite 548
Port Tarafort, ID 45230"
293,"Huber, Rodriguez and Jackson",614,894.248.8364x0928,Policy theory commercial create whether happen Republican.,3,2022-09-09,3.98,"0827 Douglas Hollow
Port Amandamouth, MS 97620"
294,Wolfe-Garcia,616,(296)218-9197x40027,Hear quality strategy still each table compare forward.,2,2020-01-15,4.73,"84635 Jonathan Spur Apt. 260
North Joemouth, ND 29449"
295,Shepard Ltd,621,(327)763-6825,Keep through simple economy teach anything collection administration.,3,2024-01-28,3.6,"028 Gross Greens
South Dylan, NH 03531"
296,"Rodriguez, Valenzuela and Turner",627,(328)401-8829,Evidence former participant yard start evidence.,2,2021-07-08,3.26,"96629 Cervantes Plaza Suite 284
North Maryville, SC 65262"
297,Lewis PLC,631,5497032922,Ability media structure effect summer.,4,2020-09-17,4.97,"0341 Yoder Curve Suite 846
Leefurt, MP 52328"
298,"Roberts, Moore and Faulkner",633,(914)687-9668x045,Director child life car without.,1,2023-05-05,3.49,"9245 Torres Inlet Apt. 102
Haleychester, FL 06898"
299,"Wheeler, Dawson and Barr",636,001-984-291-0695x8095,Since Republican fine baby part I.,5,2023-04-11,4.16,"USCGC Schneider
FPO AP 51174"
300,Jones Inc,637,337.268.2171x681,Decade us debate difficult paper or lay win.,1,2021-12-22,4.38,"10794 Howard Trace
Katherinefurt, CA 90453"
301,Williams-Ray,640,526.436.2676x82705,Account seven audience need rest good teacher.,1,2020-12-26,3.69,"918 Rhonda Drive Apt. 156
Port Gary, GA 93811"
302,"Tucker, Knight and Johnson",642,959.885.4392x71698,Probably chair read PM.,1,2022-10-18,4.72,"96321 Mark Common
West Barrytown, WI 95583"
303,Ingram and Sons,645,001-938-650-1133x4164,Should church power himself member apply recently.,2,2022-08-21,3.56,"36133 Ramirez Summit Suite 680
Wallerberg, WI 15228"
304,"Hernandez, Diaz and Williamson",646,(918)643-5413,Other source reality again citizen like identify.,5,2022-12-09,4.39,"PSC 3047, Box 9644
APO AP 32789"
305,"Macias, Thompson and Stone",647,993-699-2445x38427,However wall make matter worker.,3,2020-07-16,3.37,"644 Rachel Rue Apt. 813
Williamsbury, FL 59901"
306,"Howard, Thomas and Davis",648,581.514.5225x15830,Money southern woman.,4,2022-01-11,4.58,"4629 Sergio Port Apt. 922
East Johnhaven, MP 99761"
307,Berry-Aguilar,649,+1-579-251-4174x7775,Pay recent identify.,1,2023-04-06,4.86,"6843 Benjamin Prairie Apt. 134
Mossland, MT 04875"
308,"Mcdaniel, Griffin and Anderson",650,+1-860-359-5347,Door ball will true.,2,2020-07-12,3.62,"2611 Hernandez Alley Apt. 118
Bennettmouth, VA 51624"
309,Washington PLC,652,(910)316-6963x88119,Look have perform north specific player tax artist.,2,2022-03-05,4.7,"89647 Lewis Drive
Hendersonhaven, PR 54649"
310,Mills-Gregory,654,001-905-829-4221x616,White water agent produce produce second.,5,2023-07-30,3.47,"07378 Fletcher Streets
New Brooke, MP 15695"
311,"Sanford, Campbell and Watson",656,554-944-4162x921,Long consumer teacher small door.,5,2023-09-14,3.6,"701 Hernandez Trail Suite 537
Davidmouth, CO 82971"
312,"Blackwell, Hood and Anderson",661,799-565-6281,Natural cover test in technology guess allow trial.,2,2020-09-10,3.3,"186 Laura Curve Apt. 457
Leefurt, HI 03780"
313,Boyle-Ramirez,662,001-778-993-1444,Scientist animal certain must this.,5,2022-08-12,4.3,"9367 Heather Tunnel
Port Samanthaland, DC 57659"
314,"Harris, Mullins and Murphy",663,2308993205,Continue career election soldier good.,3,2022-06-25,3.7,"86928 Hamilton Crescent Suite 973
Morganview, NJ 53087"
315,Juarez and Sons,664,3315630435,Painting effort woman over.,5,2021-01-28,3.48,"PSC 1864, Box 4064
APO AA 55051"
316,Hart LLC,665,+1-877-911-6699x772,Send expect kid method first red though.,4,2022-04-16,4.86,"948 David Spring
Benjaminstad, OR 80539"
317,Gray-Mcdowell,668,+1-323-324-5391x973,Step almost return could.,2,2022-07-13,4.53,"356 Trujillo Falls Apt. 680
East Catherine, SC 47031"
318,Simon Inc,669,815-535-4144,Adult able member already name.,3,2022-11-21,4.32,"4180 Allen Lakes Suite 029
Thompsonview, AR 17064"
319,Little-Gibbs,670,(505)472-7884,Include law exist teacher trade.,4,2023-07-24,3.94,"USNV Perez
FPO AP 52446"
320,Lynch-Hernandez,671,919.777.6589x27132,Edge ready method media bag.,1,2020-06-15,4.76,"1255 Gutierrez Islands
New Charles, TN 04850"
321,"Rose, Dickson and Rice",672,(389)808-7459x49300,Lot speech health doctor hotel imagine.,2,2020-05-27,4.88,"4319 Gonzalez Plaza Suite 469
West Richardtown, KY 47218"
322,Johnson-Torres,674,(205)550-3664x619,He speak agree drop fall unit.,3,2024-01-17,3.24,"41076 Deleon Club Apt. 887
Riveraland, IA 36143"
323,"Ho, Rodriguez and Klein",679,(891)393-8517,Home better news water.,3,2023-04-26,4.25,"247 Fletcher Glen
New Jamesmouth, UT 01784"
324,"Smith, Vega and Curtis",681,4574656572,Together around several.,5,2021-03-29,3.91,"2520 Smith Extension Apt. 150
Patriciaport, WV 05636"
325,Ryan Inc,682,367.268.7847x776,Late hold national material concern information plant.,2,2023-12-06,3.75,"170 Sarah Forges
Josephshire, ME 84417"
326,"Ramos, Sherman and Martin",683,(879)731-2660x334,By someone economic course boy.,3,2021-12-26,4.41,"639 Stanley Radial
Lake Erica, VA 69023"
327,Mack-Matthews,684,3663721571,Girl teach build author organization oil religious able.,5,2022-06-04,4.54,"4568 Shannon Curve Suite 906
Evansberg, TX 27949"
328,Hall PLC,686,200.520.6930x0540,Fact including somebody identify truth.,1,2020-08-14,4.92,"843 Anderson Loop
Williamsland, WA 36036"
329,"Evans, Hood and Turner",691,+1-524-261-3818x1163,Others summer least red commercial professor hair.,4,2023-09-01,3.39,"8570 Todd Camp Suite 009
Maldonadofort, OR 42549"
330,Sullivan Inc,694,(460)445-6972x520,Career daughter term challenge beautiful law spend.,5,2021-01-28,4.96,"3258 Kimberly View Suite 051
New Katherinehaven, GU 51391"
331,Cardenas and Sons,696,001-610-767-6776,Build four sing soon recent news decide.,1,2021-09-21,4.55,"535 Conner Port
Baileyville, FL 57507"
332,Wilcox-Morgan,699,533-316-7977x47244,Past others may other rest tree full.,2,2021-12-06,4.92,"486 Derek Passage Suite 100
Darrenfort, FL 68108"
333,Brooks-Hill,701,6168277351,Teach think life person including local arm.,4,2022-03-31,4.75,"59165 Justin Avenue
North Denisebury, NE 32792"
334,Barton-Espinoza,706,913.702.3872,Really property shake.,1,2020-05-24,3.55,"95537 White Mount
Lake Donnaberg, MP 13376"
335,Daniels Inc,707,(770)348-3538,Wish turn into outside plan win.,3,2020-09-23,3.43,"512 Tommy Passage Apt. 248
North Christopher, AK 22928"
336,Williams LLC,709,(600)200-4068,Occur good ten environmental maintain attention.,5,2020-12-08,4.28,"9485 Hess Crossroad Suite 470
Richardstad, NH 11725"
337,Goodwin Ltd,711,841.788.0636,Turn each industry.,2,2024-02-07,3.15,"09690 Brandon Village
Smithfurt, KY 17824"
338,"Love, Mccoy and Campbell",714,943-599-5234,Current about catch partner former worker suggest travel.,5,2021-01-19,4.67,"48364 Ann Run Suite 801
North Shellyshire, SC 73214"
339,Mckay-Kemp,719,(707)801-5959x686,Reduce environment result enter no finish.,1,2023-06-24,4.82,"4663 Taylor Trail
East Stevenmouth, PW 47256"
340,"Morgan, Singh and Chang",720,910.490.0121x75606,Even quite born oil foreign ever outside.,3,2022-06-24,4.98,"918 Wade Stravenue Apt. 179
South Jonathanfort, MT 76870"
341,Williams and Sons,722,(682)408-5805x4155,Fall open practice every forward health.,5,2022-01-23,3.35,"69002 Laura Path Apt. 490
Taylorside, PW 23656"
342,"Jones, Moore and Hardy",723,830-944-9289x7413,Way try blue seek maintain moment.,1,2022-06-09,3.76,"PSC 6761, Box 2546
APO AE 52113"
343,Gilbert-Smith,725,531.254.6077x53378,Answer hundred part.,3,2021-09-13,4.61,"8556 Timothy Stream Apt. 647
East Derrick, OR 90284"
344,Young Inc,728,+1-404-472-6710x9713,Million blood soldier become part majority.,4,2020-05-14,4.81,"0204 Roberson Oval
West Paulton, OH 64755"
345,Pennington-Davenport,732,713-435-9926x577,Station win shake citizen particular project.,3,2022-12-08,3.43,"9111 Greer Lane Suite 952
East Christopher, ID 36910"
346,"Vaughn, Wiggins and Ball",733,4658446820,Do affect account home rest I go.,4,2020-07-27,3.29,"USCGC Stone
FPO AE 40943"
347,Williams-Jefferson,734,001-963-598-5282x7570,Model term tax shake its wall.,2,2024-01-10,4.85,"USCGC Lam
FPO AA 89207"
348,"Evans, Clark and Walker",736,(935)437-0638,Small career laugh well southern class.,5,2021-11-18,3.42,"419 Gibson Squares Apt. 070
West Clayton, DC 84778"
349,Huff-Riley,738,388-814-6366x06544,Shoulder paper kind explain budget.,5,2024-02-17,4.63,"204 Sean Island Apt. 637
North Regina, MP 39843"
350,Lee-Carey,742,315-529-7813x08246,Hospital study seven down.,2,2022-05-03,3.5,"48928 Michael Junctions
Caitlynville, DE 32953"
351,Gibson-Armstrong,745,+1-234-558-5195x953,Join situation kitchen structure day rock open.,4,2022-04-02,3.68,"9127 Brown Shoal Apt. 649
North Rita, FL 26644"
352,Lee-Johnson,746,419-481-5818,Win something treat eight win.,1,2022-03-21,3.55,"15426 Young Prairie Suite 137
Port Michaelport, LA 97403"
353,Curtis-Callahan,748,(552)584-6461,Challenge clearly American guess of about since.,3,2021-11-03,4.25,"631 Miller Forge Apt. 811
South Raymond, GA 26171"
354,"French, Fernandez and Davis",753,263-380-8560x650,Idea thing draw own.,2,2020-11-26,4.03,"673 William Prairie Suite 363
Port Zachary, PR 59502"
355,Brown Ltd,754,(553)753-6645,Whole which entire major remember worry effect effect.,1,2020-08-23,3.55,"6601 Reyes Cliff Apt. 845
Zavalafort, DC 26328"
356,Perkins LLC,757,001-318-879-9271x89658,Stage sign family head machine story you.,1,2020-02-17,3.32,"15890 Friedman Common Suite 837
Weberfort, CO 50112"
357,"Martinez, Berg and Vance",761,001-310-379-4102x98481,Clearly any certainly push thank hot once.,3,2020-04-12,3.18,"8734 David Walk
South Robinstad, WA 90624"
358,Davis-Hill,763,836.800.6258x61966,Institution price Democrat fund stand space lose create.,3,2020-06-15,4.45,"04968 Scott Village
West Lorraine, MN 61085"
359,Maxwell Inc,766,+1-583-528-3775x341,Bag unit understand.,1,2023-05-13,3.62,"USCGC Williams
FPO AE 55563"
360,Dillon and Sons,770,5387496393,Prepare stand reach maybe medical sea southern mouth.,4,2022-12-22,4.48,"93817 Jones Prairie
North Carolbury, TX 63549"
361,Simpson-Hunt,771,+1-476-997-5123x350,Under against center out result.,1,2022-03-09,3.28,"USNS Jenkins
FPO AA 71407"
362,Garrison Ltd,772,001-921-316-0190x4222,List system lawyer discover next series couple.,4,2023-09-22,4.06,"6402 Laurie Club Suite 745
Brandonborough, VA 32470"
363,"Ingram, Espinoza and Wang",773,294.576.7499x5941,Sit drug involve.,3,2023-06-04,4.11,"5079 Davila Curve Apt. 697
Jenniferfort, MI 58634"
364,"Black, Smith and Bell",774,704-374-3370x82628,At note hand weight once.,5,2022-12-05,4.44,"401 Richard Trail
North Andrew, WY 95996"
365,Reyes Inc,778,(690)363-7536,Other argue about.,2,2022-10-04,4.32,"69337 Smith Drive
South Wesley, FM 74360"
366,Ford LLC,781,657-259-6988x66235,Ago option first find.,4,2023-03-19,4.38,"Unit 6587 Box 3548
DPO AE 62315"
367,Miranda-Baxter,782,4469319641,Everyone increase deep leave still bag itself.,3,2020-02-05,3.29,"834 Brown Centers
West Lisaport, MT 69661"
368,Gamble-Boyer,783,(342)336-4508x68413,Join Congress space recently provide.,3,2022-04-26,3.9,"6142 Scott Locks
New Andrew, WI 06747"
369,Williams-Taylor,784,897.639.1736,Including administration clearly film Congress.,3,2021-10-21,4.27,"USNV Patel
FPO AP 29355"
370,Robinson-Pruitt,786,+1-766-870-5573x3855,Store safe baby lead bit part data.,1,2020-03-15,3.27,"6310 Susan Bridge
North Kevinport, SC 73490"
371,Cantrell-Baker,789,817-263-3345,Ability which attack prove few and phone.,2,2020-10-18,3.61,"61513 Tammy Fall Suite 566
Oliviamouth, SD 21241"
372,Miller Inc,790,377-530-3099,Follow sort resource nearly program wall factor.,1,2021-10-19,3.57,"3140 Perez Turnpike
Olsonport, IN 61568"
373,"May, David and Jackson",791,898.326.4239,Congress say home per always evening trip.,2,2024-02-02,4.7,"322 Gonzalez Ridges
Davischester, AR 10141"
374,Wolf Group,792,377-627-7913,Now poor me bill assume Republican civil glass.,4,2022-08-10,3.99,"6811 Davis Lodge
Adamtown, NV 58421"
375,Moreno and Sons,793,8326884244,Situation top trouble produce group.,1,2021-01-04,3.5,"PSC 3262, Box 1925
APO AP 57656"
376,Hamilton-Morales,796,001-230-365-7501x116,Major the different accept them tough weight.,4,2023-12-22,3.25,"726 Jesse Junction
South Carolynton, KS 33260"
377,"Miller, Owens and Carlson",797,252.931.0723,Go forward job method challenge.,1,2022-03-22,4.48,"8209 Daniel Rapid Apt. 682
Lake Timothyborough, MD 19364"
378,"Miller, Wise and Chapman",802,001-441-490-7663,Current spring likely spend.,2,2021-08-14,3.47,"5356 Susan Terrace Suite 042
New Maryside, CA 57061"
379,Taylor and Sons,803,817.931.9926x12170,Gun agreement read wall.,2,2023-06-14,4.38,"630 Bond Rapid Suite 051
Morrowchester, ME 17628"
380,"Jones, Perkins and Robbins",808,(559)666-0454,Him maintain present large since oil.,2,2023-06-06,4.11,"9018 Wagner Shores Suite 897
West Kimberly, MS 11648"
381,Brown-Bennett,809,+1-852-537-2266x2169,Conference require court pick heart often.,3,2022-10-31,3.18,"PSC 0922, Box 5404
APO AE 00586"
382,Bailey and Sons,811,402-898-5077x5000,Central role partner why school stage amount.,1,2020-11-04,4.46,"55560 Justin Isle Suite 927
Vincentfort, NV 78712"
383,Price PLC,815,001-506-555-6372x840,Between street field room.,3,2022-06-25,3.68,"PSC 2550, Box 7202
APO AA 85794"
384,Wilson-Casey,816,(971)721-2628x69008,Activity measure win certainly throw much similar necessary.,5,2022-02-25,3.13,"7410 Andrea Motorway
West Christopherton, CT 23548"
385,"Manning, Riley and Koch",817,001-482-751-2262x7662,Computer avoid bar down scientist.,4,2023-04-24,3.81,"960 Gordon Lodge
Port Richard, GU 17901"
386,Aguilar LLC,818,001-898-444-5569x9007,College seven meet although.,1,2020-12-25,4.63,"86309 Pitts Mills
Jodishire, WI 15351"
387,"Edwards, Martinez and Stewart",819,669.490.4956x44880,Always tough Congress who.,4,2020-08-29,3.79,"8217 Shaw Parks
Sherrishire, AZ 88783"
388,Garcia Ltd,820,+1-207-521-6996,Similar somebody often.,1,2023-05-12,4.12,"895 Jill Manors Suite 480
North Johnny, WA 52326"
389,Robinson Inc,825,636.358.4750x5221,Firm per shoulder policy.,5,2020-03-18,4.79,"Unit 9543 Box 3146
DPO AE 78473"
390,"Wood, Davis and Schultz",833,(952)883-0165,Major available stage.,1,2020-04-12,4.3,"2573 Jackson Vista Apt. 860
Brettbury, NM 83954"
391,May Ltd,835,272.754.0537x169,Fish through address religious second will speech.,1,2022-06-13,4.08,"2728 Hendricks Branch Suite 967
Beckville, MA 64867"
392,Hall Group,837,493.866.9442x8471,Receive wide man culture.,3,2021-07-18,3.51,"9640 Lee Plains
West Ambertown, MA 44214"
393,Hansen-Hernandez,848,+1-823-331-6414,Win with service foot bring choice quality.,4,2022-10-09,3.39,"50664 Herrera Street Suite 722
North Brandy, GU 44758"
394,Stone-Pittman,849,(846)962-9700,Crime where state ball within baby.,4,2021-07-24,4.72,"998 Day Grove Apt. 901
Brownhaven, MA 16064"
395,"Cruz, Johnson and Walker",850,+1-202-466-4442,Trial race agent current phone girl.,5,2022-12-10,3.06,"76725 Guerra Square Suite 518
Lake Walter, ND 03917"
396,"Davis, Rivera and Wilson",855,588-468-7812,Point record head laugh question relate.,5,2023-02-05,4.44,"84065 Sara Orchard Apt. 861
Michaelville, WA 49407"
397,"Adams, Jones and Martin",856,(274)995-2820,Him country ground example often it.,5,2022-08-12,3.75,"915 Elizabeth Prairie Suite 145
Charlesberg, NC 11650"
398,Obrien-Carroll,857,(604)590-9545,Where put future west.,5,2021-12-15,4.45,"0948 Jones Mews
Amybury, AR 90983"
399,"Austin, Hill and Knight",858,(864)822-7196,Collection sister support many child leave action.,2,2020-07-15,3.76,"1242 Conley Union Suite 463
Colleenville, NV 41978"
400,Russell Group,859,409-763-3370x285,Deal Congress soldier.,3,2023-02-13,3.52,"945 William Squares
New Mariah, IA 79832"
401,Stanley PLC,860,001-289-435-5509x68776,Summer quickly after anything.,2,2021-05-11,4.22,"539 Willis Ferry
South Katie, CA 05733"
402,"Walker, Wilson and Conway",861,447-440-3795x627,Bank moment task spend agreement account town find.,4,2020-04-05,3.58,"6723 Tracey Lodge
Smithbury, MN 45344"
403,Blackburn LLC,866,+1-710-870-6651,Great protect he night.,1,2021-09-11,3.04,"223 Pena Drive
Dudleyland, NJ 07767"
404,"Coleman, Garcia and Nielsen",873,531-711-7625,Policy foot ten.,1,2020-07-15,4.71,"63545 Danielle Highway
Lake Michaelfurt, ND 70611"
405,"Griffin, Hughes and Vasquez",875,(255)738-4185x77542,Range become dinner shake life life cost for.,2,2020-04-19,3.04,"000 Mitchell Landing Apt. 202
Drewshire, WY 59015"
406,Rodgers and Sons,876,+1-790-713-4968x916,Business miss any politics four particularly identify.,1,2022-06-27,3.07,"971 Rodgers Pines Suite 718
North Jamesport, NC 97887"
407,Morris-Wolf,879,389.464.2887,Ten little cost hear.,3,2020-09-18,4.87,"73969 Nicole Run Apt. 344
Lake Nancy, ME 11995"
408,"Dougherty, Marquez and Wilkerson",881,893-274-3570x97067,Nature attorney condition term.,3,2020-07-16,4.33,"660 Hamilton Prairie Suite 280
West Christopher, AS 26048"
409,Perry-Ryan,883,397.540.9477x57547,Everything reveal million capital.,4,2020-08-06,3.33,"994 Graham Mount
Lake Phillipside, AS 02985"
410,Adams and Sons,884,937-205-8550x0233,Quite explain shake set husband election clear.,3,2021-07-12,3.18,"743 Sheila Run Suite 071
Johnsonbury, CO 40519"
411,"Evans, Stanley and Lopez",885,9286553591,Safe health mention as popular choose seek.,4,2020-09-26,4.61,"20158 Jessica Junction
Claybury, MH 29843"
412,Roberts-Byrd,886,634.551.3132,Bad police firm mean capital back space onto.,3,2021-02-05,3.82,"USNV Cruz
FPO AP 26209"
413,Romero-Cruz,888,(627)767-8070x79976,Language radio again right.,5,2021-01-19,4.0,"Unit 5527 Box 8877
DPO AP 82471"
414,Morgan-Torres,889,001-350-380-5117x6720,Star more court sea matter much front rate.,5,2024-01-18,3.03,"051 Jose Gardens
East Michael, VT 87288"
415,Gibson Inc,890,6072319597,Phone end account expect community.,4,2020-01-12,4.43,"0806 Noah Plaza
South Staceyburgh, CT 49580"
416,"Wilson, Mitchell and Costa",893,3815782948,Song field morning change politics.,2,2023-09-18,3.92,"Unit 9837 Box 6061
DPO AP 54583"
417,Harris-Baker,897,905.665.5707,Sing amount price cultural sport little best.,2,2022-07-04,4.51,"06072 Edward Ridge Apt. 180
South Dawn, PR 40552"
418,Ruiz-Brown,898,001-226-305-3761x4460,Information hit everything history language black claim.,3,2021-09-06,4.91,"369 Owens Neck Suite 203
Matthewmouth, NV 41940"
419,Mullen Ltd,899,586.769.7021,Eight knowledge authority.,2,2021-05-05,4.78,"550 Ball Terrace
Johnsonchester, WV 30839"
420,"Rodriguez, Mcfarland and Oliver",900,849-608-0793x987,Eight alone little mention evidence community.,3,2021-06-01,3.08,"49354 Garner Cliffs Apt. 967
West Amy, MS 85011"
421,"Anderson, Johnson and Anderson",906,2032568756,Reach those thus identify may.,2,2023-07-07,4.12,"67231 Joshua Ports
Watsonville, WI 73948"
422,Walton and Sons,907,363.512.6738x60071,Instead challenge start source energy occur.,1,2023-10-26,3.95,"USS Mullen
FPO AP 03672"
423,"Garcia, Summers and Alvarado",909,001-252-212-9985x799,Able crime stop wish act.,3,2023-01-05,4.96,"38400 Eric Mews
Burnsstad, VA 52170"
424,Grimes PLC,911,001-691-933-4426x33505,Of line actually international interesting.,5,2020-02-12,4.19,"708 Ramos Fall
Maryland, GA 32028"
425,Green LLC,912,001-908-932-0681x99595,During speech success.,5,2020-12-25,3.35,"548 Thornton Stream Apt. 361
Pattersonborough, VA 53563"
426,Warren Ltd,915,+1-736-564-9207x37545,Game test them church try.,2,2020-07-23,4.49,"220 William Expressway
Port Kevin, NH 01642"
427,Whitaker-Wood,916,+1-655-404-3815,Beat do newspaper example.,2,2022-11-15,3.2,"Unit 1019 Box 9237
DPO AA 24968"
428,"Pace, Page and Cantrell",917,(570)447-7202,Offer soon strategy society.,5,2023-03-12,3.94,"65657 Reilly Branch Apt. 585
Taylortown, WI 43583"
429,"French, Lane and Mccarthy",918,788-804-5567x86269,Everyone assume miss third music then.,2,2020-11-10,3.07,"5164 Miller Fork
New Mariabury, OR 71064"
430,Pineda and Sons,920,816.796.9930,Anyone especially left perhaps argue.,1,2020-01-11,3.52,"70436 Miranda Station Suite 238
North Paul, ID 76847"
431,Johnson and Sons,921,(799)893-7935,Develop else behind generation.,3,2024-01-05,4.25,"0056 Thompson Extension Suite 439
Westview, LA 79055"
432,Conner-Roman,927,(204)505-9718x685,Radio we certain try reach difference represent.,1,2021-12-17,4.38,"USS Gonzalez
FPO AE 53560"
433,Parker-Dorsey,930,+1-324-918-0798,Push position day share nice sense.,1,2021-11-27,4.85,"750 Gaines Port
Kimberlyberg, WA 78088"
434,"Berger, Scott and Woods",931,6026258335,Have no media thousand Congress main place.,4,2023-05-13,3.28,"Unit 0315 Box 1390
DPO AA 97766"
435,"Graham, Washington and Juarez",932,+1-627-468-8159x90745,Will small still similar particularly man affect.,1,2022-08-09,3.43,"3385 Gallegos Oval Apt. 364
Matthewshire, GA 77018"
436,Smith and Sons,933,824-988-0642x264,Water scene determine however hold wrong indeed.,4,2020-10-28,3.74,"31698 Novak Manor Apt. 329
South Tracy, ME 08650"
437,Johnson and Sons,934,279-703-3449x9698,Lot benefit future away authority.,1,2023-12-08,3.94,"USCGC Reyes
FPO AE 34612"
438,"Fernandez, Golden and Ritter",936,744-329-6804,Join hard building stand cut analysis.,1,2022-07-10,3.68,"596 Pitts Avenue
Kellyside, KY 16402"
439,Wilson Group,937,914-274-7091x9089,Apply similar and modern work PM simply.,5,2022-04-14,3.37,"45632 Jordan Ville
Mcdanielmouth, PA 41572"
440,"Rowland, Phillips and Watson",938,776-760-7864,Large father what low much outside.,3,2021-09-15,4.06,"USNS Combs
FPO AP 76509"
441,Scott LLC,939,(342)943-2349x01540,Discover fire fund administration media administration we.,1,2020-03-04,3.3,"USCGC Poole
FPO AP 17930"
442,"Mcmahon, Steele and Baker",942,683-652-0523x26709,Including necessary watch show candidate my.,2,2021-04-20,3.01,"Unit 3360 Box 2516
DPO AP 86089"
443,"Hernandez, Dalton and Hammond",944,+1-466-380-3901x40198,Again relate recognize crime.,5,2021-09-11,4.02,"USNV Bentley
FPO AE 39506"
444,"Patton, Callahan and Walker",946,2057670863,Up generation carry up bed.,4,2021-07-08,3.77,"86964 Garza Throughway
Zacharyside, MN 31008"
445,Smith Ltd,947,(728)781-9282,Production already while pass region determine drug.,1,2023-07-19,3.54,"913 Brian Court Apt. 547
Pearsonview, KS 56503"
446,Garza and Sons,948,557-500-1474x58956,Feeling style make project.,2,2021-12-06,3.81,"78784 Kimberly Common
Margaretside, KY 42102"
447,White Ltd,949,(720)520-0836,Morning suffer particularly want bring no.,1,2021-03-18,3.06,"8226 Deleon Station
Lake Joan, NY 54576"
448,Barrett Inc,950,5005105603,President find money cup.,2,2020-12-28,4.71,"49740 Dennis Harbor
Whitehaven, VI 08106"
449,"Johnson, Stewart and Harvey",951,368.948.9143,Soon health trial officer my.,1,2022-09-03,4.62,"651 Amanda Villages Apt. 556
Robertsonburgh, VT 45692"
450,Paul-Martinez,953,+1-991-952-1400x374,Degree response production military Mr between last receive.,4,2021-05-14,3.27,"5973 Williams Ridges Suite 245
South Regina, PA 41127"
451,"Palmer, Hall and Lopez",955,7038500941,Effort already factor alone conference generation.,3,2023-12-21,4.77,"08067 Bradley Flat Suite 246
Rebeccamouth, NV 77912"
452,Boyle-Rogers,956,(767)969-4660,Trade happy determine real.,1,2020-05-09,4.17,"924 Rebekah Terrace Suite 179
South Donnaburgh, AR 19440"
453,Bell-Harvey,957,559-368-7906x3231,Population other bag professional month task.,4,2020-08-05,3.57,"43723 Lawrence Park
Reidshire, SC 72611"
454,Schwartz-Ramos,958,+1-631-791-9489x988,Fall debate and not.,1,2022-09-05,4.57,"88998 Michael Bypass Suite 550
Lyonshaven, SD 27967"
455,Butler-Lewis,959,(317)373-2875x92313,Already be policy again stuff executive.,2,2023-10-06,4.36,"641 Amy Prairie
New Andrea, NE 68753"
456,"Clark, Maldonado and Melendez",963,001-922-722-2821x876,Me affect rest man hospital pattern.,4,2022-02-10,3.06,"223 Porter Divide Suite 584
South Daltonbury, TX 57367"
457,Dawson Group,964,565-311-5305x4079,Without design option state out research six.,3,2023-08-27,3.93,"USNV Barber
FPO AE 12053"
458,Norton Inc,971,505.526.1058,Full author individual win everybody hour.,5,2021-02-23,4.97,"USNV Kim
FPO AP 99541"
459,Lowery LLC,972,522.867.5062,Speech lay modern.,5,2020-05-26,3.9,"220 Tyler Springs
Theodorefort, SD 88046"
460,Larson-Nichols,976,8363474399,Her same try professional better term.,5,2020-10-24,4.03,"616 Mary Wells Apt. 104
Lake Nicholasbury, CA 17475"
461,"Harris, Underwood and Moore",977,379.299.0116x27791,Of economic fill window too.,1,2022-01-29,3.19,"43508 Kimberly Springs
Mariatown, FL 60770"
462,Barnett-Smith,984,(745)909-3654x481,Dinner form stop interest.,1,2022-09-07,4.31,"249 Adrian Square
West Jason, PA 85724"
463,Smith-Bishop,985,793-426-7563,Civil contain listen.,3,2023-07-09,4.95,"USNS Hill
FPO AE 78579"
464,"Rivera, Salazar and Garcia",986,001-485-317-4938x0881,Pretty firm remain chance recently money.,2,2021-06-28,3.15,"17932 Linda Turnpike Apt. 353
Tracystad, FL 93876"
465,"Baker, Murphy and Williams",991,898-786-9329,Personal lose almost item believe.,4,2022-09-15,3.42,"505 Patricia Brooks
East Alexanderborough, IA 22970"
466,Farmer-Guerra,992,666-252-0639x175,Can however economic miss.,2,2020-04-11,3.83,"PSC 3602, Box 0269
APO AA 17024"
467,"Martinez, Mccarthy and Alexander",994,480.445.7717x659,Design run far cost.,2,2021-01-11,3.8,"399 Rodriguez Drive
North Karen, TX 48820"
468,"Ferguson, Martinez and Martin",995,001-474-818-6057x6954,Very point offer.,5,2021-05-24,3.18,"9377 Dawn Ville
Greenville, PA 19272"
469,"Bates, Schultz and Hampton",996,(596)655-8625x176,General school have.,4,2022-10-12,3.24,"USNV Baker
FPO AE 03333"
470,"Grimes, Cruz and Brown",999,705-715-0584x729,Three institution weight sound.,1,2023-10-05,3.78,"963 Jenna Flat
Lake Adam, AZ 69780"
