user_id,username,email,password,role
0,clarkashley,etate@example.net,oPs55VOj$H,admin
1,greencheryl,alvarezmike@example.net,&f7%gFrE%*,admin
2,ericsmith,andrewbryant@example.com,_Q!$9lToRR,admin
3,mwatson,travis26@example.com,aL4%dJgS+p,admin
4,smithkendra,david39@example.org,l5MaT^pb(M,admin
5,frankhooper,bobbyneal@example.org,^)h2ER&w)r,admin
6,kdavis,rubennolan@example.net,7f7T1r2o!g,admin
7,stoutnatalie,mgarza@example.org,fy1_*5Ih97,admin
8,kathythomas,qjohnson@example.com,R&l7GE0vvj,admin
9,luis05,kristinwilliams@example.org,V5qlOK6g*F,admin
10,lturner,brianreynolds@example.net,FfMi!wja^7,seller
11,susanbrown,gvelazquez@example.org,Z@RILGex$5,seller
12,xcole,kennedykayla@example.org,j2m7RACT*X,seller
13,garciadaniel,tiffanypace@example.org,$4g2Ungf4h,seller
14,jcook,chloedyer@example.org,+nEyp+Up62,customer
15,lynchscott,shortmark@example.net,(wVbJsH7^7,customer
16,melissaperez,phillipsmith@example.com,l+d_y6Flmh,customer
17,alexis37,pamela99@example.com,7U0EL)!w$6,customer
18,phillipjohnson,christophermitchell@example.org,@&1XX!fGbe,customer
19,jake12,evan16@example.org,_2zXc_Er)J,customer
20,rebekahphillips,qmartinez@example.org,!z2VukPXVx,customer
21,joneskelly,robertbush@example.com,4xQ6AaOo(P,seller
22,henrydonald,christinalee@example.net,z&8Gm%QG#P,customer
23,gordonsarah,sarahsmith@example.com,t5O_&NcD&c,seller
24,laura83,martinrobert@example.com,TG3Agn9%(%,customer
25,iwilkins,josephschultz@example.net,u#o6e+ykHE,customer
26,coxkaitlyn,fgardner@example.org,W&0N*9ef8Z,seller
27,steven37,murphysierra@example.net,Qo9GRXLw!1,customer
28,harrisjoel,mileschris@example.net,F$3Y*^ju&u,customer
29,zharrison,williamscott@example.org,Aj^d3T6dx$,seller
30,williamburke,fhood@example.com,(T5HaYnXf5,customer
31,andrewtaylor,dustin87@example.com,Cx%i33OxI9,seller
32,latoyagrimes,samantha22@example.com,(T2IvWJ_W@,seller
33,steelejudy,vincentbrown@example.net,C32Qp4T+!0,seller
34,timothystone,nmiller@example.com,Pb(Zz5Rsg^,seller
35,nelsonrobert,rachelmoon@example.org,@c(JUOfHM9,customer
36,shannon23,barnesjudith@example.org,cbBN^0_8%7,customer
37,ryanandrew,pcruz@example.net,QM14HPkub!,customer
38,nicoleflores,townsendhannah@example.org,)o5ShJbwS(,customer
39,grace77,fjones@example.com,qyDQu*zc)1,seller
40,harringtonkristin,jhanna@example.net,r3SB#0mV&L,customer
41,scottwalker,djohnson@example.com,9KWqmSWf!2,customer
42,jon48,mariayork@example.net,^2zNCez#Dv,seller
43,carolyn93,bellphillip@example.org,Mw_H6GrmzA,seller
44,duncankeith,ljackson@example.org,&4$GspInIy,seller
45,uwilliams,sierracooper@example.com,%B2x&DUn0h,seller
46,joshua77,abrewer@example.net,g80An8(+%L,customer
47,alejandro84,lgriffin@example.com,%5wOBybfS7,customer
48,martinezstephanie,rharrington@example.org,80mrRcsL$N,customer
49,colemannathaniel,davidhill@example.com,#3O&9MZ#Ck,customer
50,johnsonsarah,xrobinson@example.net,)1GTe$t7NS,seller
51,michelle93,lisabaldwin@example.net,#v1PO(Ya&0,customer
52,luisbrown,obeck@example.com,Iz95I2JUp!,customer
53,daviselizabeth,brendachristensen@example.com,9MiY18*v($,seller
54,lindalarson,srice@example.com,(R9UkKVoDJ,seller
55,schroederholly,paula79@example.net,uuck)7Dd)H,seller
56,osmith,perryphillips@example.net,@SvFomA8#1,seller
57,jjohnson,smithadam@example.org,$o9YLsqY8e,seller
58,whitneyhernandez,williambailey@example.net,Z$h1YG+m2M,customer
59,david79,nicholsonkimberly@example.com,iB!6mEZeN9,seller
60,carriehoward,phayes@example.org,a4*468UtE$,seller
61,lelliott,whill@example.net,+@s9Gewk9c,customer
62,hardykevin,qfarrell@example.net,h&67Y+zhzO,customer
63,heatherwilliamson,smartinez@example.net,56FQ$Eco*w,seller
64,ortiztina,wallacetyrone@example.com,l(C8CNq%Rr,seller
65,jennifer37,pharris@example.org,G8cwaIfC%F,seller
66,vanessa19,timothy19@example.com,_1G(TTLnP+,seller
67,ashleysmith,glove@example.org,$2xYa*BomH,customer
68,kjohnson,marissa24@example.com,*O_69cLf)h,seller
69,aaron26,zcarter@example.com,K$Q0Aykty5,seller
70,bonillagabriel,mooresteven@example.net,@A9ashCshN,customer
71,maria17,acevedojennifer@example.com,o7^aRR&u$i,customer
72,parkersean,austin81@example.net,)r2Gi+rcf+,seller
73,nhogan,ericdaniels@example.net,^E4JmNhZ!K,customer
74,robert64,jeremy60@example.net,IJO49C*e)8,seller
75,amanda46,jenniferjenkins@example.com,L$X5!iq!!2,seller
76,smithconnie,emartin@example.com,J_dh1OoXA_,customer
77,jconner,gregoryderrick@example.com,t@i0x6ZaW@,customer
78,michelle35,tgarcia@example.com,!9w3HmYhDm,customer
79,kmiller,uanderson@example.net,Q2I^kcki$s,customer
80,zmontgomery,lvelasquez@example.net,#7p0Soski1,customer
81,nathanmorris,mezajane@example.com,X&+5%YPgjz,customer
82,ephillips,carrolldennis@example.net,^c)N2EcIm2,seller
83,zrobinson,danielholder@example.org,+T(MJUfD1Y,seller
84,edward06,stephanie22@example.net,+5EKFE4htZ,seller
85,farmercrystal,vwilcox@example.org,o02RLx+t_2,seller
86,rwhite,wilcoxpatricia@example.com,0h&pBk0S^s,customer
87,juan01,irwinmark@example.net,A!&1PJFgLp,customer
88,brookesutton,pbrown@example.org,_1zeRcvd3#,seller
89,sonia53,hmoody@example.org,(G9PWgmyH1,seller
90,jordanbradley,christopher63@example.org,aPN!7DNxGc,seller
91,pgray,schmidtpeter@example.org,@suU10Jm!A,seller
92,cjohnson,tonyhamilton@example.org,q^J1KUCuFt,customer
93,melanie50,apineda@example.org,_8iTmlki3s,customer
94,pagebrandy,toddmoore@example.net,U8!+bI*j@p,seller
95,vargassandy,larry71@example.org,T+rKoi7Q(7,seller
96,dbrown,chandlerpaula@example.net,)R8Qz@y+1J,customer
97,ljones,brownthomas@example.com,%Zu!Ut3DT4,customer
98,christophermurphy,youngmegan@example.org,U%0MoHq#@@,seller
99,burchmichael,ajacobs@example.org,#%*IzKiy2M,seller
100,stephanie05,nancy02@example.com,J6zn31Oz%1,seller
101,hoffmanrenee,jbrandt@example.com,^iYDdSfvC7,seller
102,haneynancy,hector45@example.net,wu5A@8Vl*a,seller
103,wgordon,grantjames@example.org,$Wp6MSEn*+,seller
104,asoto,alexisdickerson@example.net,a!$8Krdkj&,seller
105,hmartin,erichamilton@example.org,d!tI6Qth4N,customer
106,morrisnicole,joelhaas@example.net,wa0ITioG^S,seller
107,smithanthony,johnsonerin@example.org,GgNVoA3j_2,customer
108,ewilliams,jonathan85@example.org,h!JC95RGjn,customer
109,alexander38,linmatthew@example.com,j#98Rf2sdB,seller
110,tammy21,jenniferjones@example.com,%3XXO&F7qU,customer
111,jodilewis,margaret63@example.com,$OMW7Zls(#,customer
112,alexisrojas,hvelasquez@example.net,)fDTTLfNJ8,customer
113,wperez,owensbelinda@example.org,)w2$DJmjhz,seller
114,charlesjones,qgriffin@example.com,REdZC&pX_6,seller
115,michelevalencia,harrisonjennifer@example.com,)J8PcZ(@+Q,customer
116,wilsonjustin,brownbrian@example.net,$BDYOUor#2,customer
117,johnsonwalter,bellis@example.org,)5KeAqmO3Z,customer
118,rhonda88,donnashea@example.com,@73KKt!!WH,customer
119,gonzalezamber,scottyu@example.com,9&jAGYch$0,customer
120,darrell96,varnold@example.net,7GX6u9&c^7,seller
121,audrey34,heatherkennedy@example.com,GX*5UvAvR@,customer
122,rcarter,michelle11@example.com,&5*qMhawZ4,seller
123,todd81,clinemichael@example.net,0%41&jUo0W,customer
124,bfrazier,paulmiller@example.net,%D(IvPQb+4,seller
125,crystal55,jakeortega@example.org,M)J5BrhIrO,seller
126,rogersmichael,ajuarez@example.net,z2CwyeGb!O,customer
127,mooreashley,bakerkayla@example.org,j@2KmY@rDv,seller
128,taylor62,jessica07@example.net,ywcqSUXt+5,customer
129,sara11,jacksonlaurie@example.net,u#5J9Zdme@,seller
130,kaylatran,simmonsadam@example.com,7a6qDphS(v,customer
131,hmiller,omills@example.net,N%WenS5c)3,seller
132,shawamanda,davischristopher@example.org,i#9JsaVbl8,seller
133,miguel67,wlee@example.com,*rHk7k2gd4,customer
134,zturner,xjordan@example.com,&nYu^dzP2Y,seller
135,zdickerson,lori49@example.com,J7abQ(eL$o,customer
136,colleenboyer,daniel17@example.com,#vfKWiWj)0,customer
137,dana58,bgreen@example.org,)6Lvm54s$y,seller
138,gilberttimothy,ortegaalexander@example.com,j4Z#sr9o*G,customer
139,mcdanielshawn,uchen@example.com,JzTH4oZ)+3,customer
140,limike,ryanstuart@example.org,%z6BP%cRry,customer
141,amandahawkins,christopher32@example.org,#1LYEs0d+L,customer
142,robert26,christopher84@example.net,l)1jNFx6!5,customer
143,parkerstephanie,brenda38@example.com,(4UMzbXbdg,customer
144,halelisa,christinakhan@example.com,m1%PRJix#5,seller
145,jennifer80,josephlewis@example.com,Ep4bSx$7*^,seller
146,thomaskyle,kathryn08@example.net,4^9g)7Ofrf,seller
147,hpalmer,ellenflores@example.org,(as68VJb$Z,seller
148,kenglish,holdenedward@example.net,t^)j2TUkJ9,customer
149,lacevedo,danieljackson@example.org,(1DeJm77)t,customer
150,michael96,stevensondustin@example.com,Gh)2I1Cd(L,seller
151,pholmes,oglenn@example.com,^v*5cHhAT^,seller
152,sjackson,jordan48@example.net,!$*4zZwH(*,seller
153,dflores,fjoyce@example.com,u4Lq*sjP&a,seller
154,mkane,rachel02@example.org,h!6M$S3i%V,customer
155,sarabarker,jessicawatson@example.net,4(t9HxWkXg,seller
156,fcabrera,gabriel64@example.org,Po@2IIDd*j,customer
157,lisamoody,taramiller@example.org,eGp_A*z%$8,customer
158,ggreen,sanchezvalerie@example.com,4ahGHwcf(e,seller
159,mhill,sandovaljose@example.net,xy0Pnj0$^&,customer
160,williamsrobert,rachel18@example.com,@NHyPQTvP4,seller
161,taylortimothy,keith98@example.net,^m7UjabOM^,customer
162,hammondmary,raymond51@example.com,#6d!S#$2Ky,customer
163,wilsonalisha,wprice@example.net,)1dM0eQxCl,customer
164,shaunvalenzuela,joelscott@example.org,EZ3ePlIi4^,seller
165,baileyjames,chernandez@example.org,^J9bUp9DSK,customer
166,bowenrichard,zachary23@example.org,%8d&Gvs&X@,seller
167,tfowler,haysmichael@example.net,EH3NVF!v^i,seller
168,gregory03,jessica84@example.org,hd77PLkPG_,seller
169,steelechristina,joseph23@example.org,bt6WXGaY*F,customer
170,calvin32,lindsaymoore@example.org,t$4TkrcJ#u,seller
171,jimenezgary,bhuber@example.com,_1LqipPt19,customer
172,trevor25,bortiz@example.net,)3b35zTaB+,customer
173,nicholaswalton,christopherlee@example.net,%r05qLMbA1,seller
174,catherinehopkins,edward71@example.org,45Lo&!7&%_,seller
175,lbarrett,melinda46@example.org,IeBSfbge#5,customer
176,jessicadavis,kharrell@example.net,U!0_9E&xM2,seller
177,ronald72,silvakimberly@example.com,%s4T&IHjvr,seller
178,yvonnewagner,margaretadams@example.com,2rq73Px5$N,customer
179,juan40,jessicalara@example.net,bmHCv3sv*8,customer
180,psalazar,kirkmelendez@example.com,_CySAfNhK1,customer
181,gonzalezashley,lchaney@example.com,s8T3Nozz!w,seller
182,gonzalezseth,brittneywhite@example.net,A5Zl9(Ga1*,customer
183,qtucker,ifrazier@example.net,$ZJhBX+ek1,customer
184,meganmiller,wayne71@example.com,Z*9*dXYibn,seller
185,martinezlawrence,jacobhernandez@example.org,$ZO(0gLZ4o,customer
186,djohnson,caseytimothy@example.org,s@CL1U^zM^,customer
187,rebecca57,cheryl43@example.com,J7XX0NqSa@,seller
188,pamela60,christinebrock@example.net,xXN_0HoaEF,customer
189,antonio18,matthewfisher@example.org,M7bMkv@T*@,seller
190,ameyer,rebeccajones@example.org,Ll3mVi+J)K,customer
191,vazquezchristopher,suzanneballard@example.net,&hC44M^V5P,seller
192,gonzalezlee,tracybishop@example.net,d_c7U(a$3k,seller
193,sandywilliams,vmiller@example.net,Dg2TBzrp@w,seller
194,derrickpayne,jsanders@example.com,%PZ1Xhe_yd,customer
195,caseariana,mark00@example.com,%0MkZO%Bij,seller
196,michael63,underwoodmichael@example.net,@sEbkwIy53,customer
197,tylerbarber,perkinsregina@example.org,qLS56HLa$5,seller
198,candice87,feliciashelton@example.com,%I1)JMut#d,customer
199,ericfleming,nixonolivia@example.org,@e9Uc)MRH$,seller
200,nichole81,andrewwaters@example.net,M!e7dMPqcO,customer
201,lvasquez,joseph94@example.org,9(R8RnYA$z,customer
202,cabrerarobert,mitchellkaren@example.net,^D6+EQPpL$,seller
203,kendra97,dweber@example.com,bj!7zTwAbc,customer
204,qmyers,frederickmarshall@example.net,F$KK3dVZTq,customer
205,danielleballard,evansdonald@example.com,DBN#0aVlC9,customer
206,xrodgers,michaelsloan@example.org,&y6Ow^N1wX,seller
207,joshuacabrera,stonejessica@example.com,yKSILa7h+8,customer
208,jcarr,vwillis@example.com,$1Bx$Fg5Ey,seller
209,joshua64,zevans@example.org,nT7$wWgL&B,seller
210,dvasquez,kevinmorton@example.org,yW7QiKnK8$,customer
211,carrdavid,garciadavid@example.com,D#a@4pIaFO,customer
212,keith69,johnsonpamela@example.org,((an0KOc1y,customer
213,camerontracy,daniellegutierrez@example.org,v*$l7DJ9Mg,customer
214,paulreyes,jamesfisher@example.org,#SO8zqPeP6,customer
215,pedro82,john25@example.com,G*7pNuRz)5,customer
216,vgriffin,stephaniewolfe@example.com,nCq46qSo_#,seller
217,patrick55,tracy18@example.com,!IlSbhcp2Y,customer
218,amandareeves,james92@example.com,z#X&4#*vkN,customer
219,aherrera,alexandergoodwin@example.org,RmO3sDyDG(,customer
220,stephaniejackson,teresa59@example.net,w$zD5Kg%EZ,seller
221,vwright,qlewis@example.com,M#2NuZ$X*6,seller
222,heather77,lisa75@example.com,p^2&a3Dn+8,seller
223,crystal24,phillipspreston@example.org,$9ygzuk$+X,seller
224,sandragardner,ashley37@example.net,so+w9SzF!!,seller
225,monicajohnson,robert15@example.com,&TE3As__4Q,seller
226,olivia63,michael75@example.org,O7rPUl+n*n,seller
227,joannesmith,victoria75@example.com,z0OkAy_w@1,seller
228,tmedina,urobertson@example.org,r*q)4JKf4o,customer
229,valerie35,alyssa18@example.com,_toBoqMos6,seller
230,wblankenship,williamsjamie@example.net,a%7zN(NkyY,seller
231,mhendrix,castroshelby@example.com,SfI7nA1*P),customer
232,marie93,jennifer68@example.net,4q*RSamD!9,customer
233,lisamiranda,nicole69@example.com,0cFcuAEU$w,seller
234,donnapotter,ramirezblake@example.com,Vj0oVRJf8!,customer
235,henrychristopher,matthew07@example.net,@RfOMv3hC8,seller
236,uaustin,robertbridges@example.com,)+Yo6Uwi^5,seller
237,mitchelledwin,cooperryan@example.org,6(bBsMzO+J,customer
238,hubbardjeremy,hannafelicia@example.com,NnG19NhP$+,seller
239,penningtonkevin,sanchezelizabeth@example.net,o06_4fQb%T,customer
240,masonmichael,linda38@example.net,P2Kaztem$B,customer
241,katie34,tgarcia@example.com,8Xh^4mAlZn,seller
242,williamsrobert,vcurtis@example.org,%RiJ17OiI+,customer
243,bsmith,shieldsbradley@example.com,*5l4Ex^qv0,seller
244,sheath,obrooks@example.com,E#5dT42a(J,seller
245,frank93,david51@example.org,L$8GYPBQfu,seller
246,marie31,kaiserkayla@example.net,5QfC#e^u)q,seller
247,perrycorey,cristina99@example.net,b&B1MRZgeM,customer
248,stephaniebell,nguyenbrenda@example.com,%1UQc&79LV,customer
249,robertmiller,rodriguezmichael@example.com,@!JxEw4F9s,seller
250,leefry,cooperjohn@example.com,J&mT67Vy5*,seller
251,carol85,bdiaz@example.com,qh^@KugI+0,customer
252,christine42,robinsonjuan@example.com,5bf5eABk9),customer
253,grayjoseph,angela15@example.net,ps@6BzpgvQ,seller
254,chanpamela,morrisalexander@example.net,*AKq*KZA&9,seller
255,ryandaugherty,laurencurtis@example.com,r+QEko%U#5,customer
256,meghanpatterson,rvargas@example.net,TB!!6L5pV+,seller
257,uhaas,lholland@example.com,YG1&NZkf$l,customer
258,gdavis,benjamin28@example.net,oL1Ao7jh$z,seller
259,vegamichele,lauren32@example.org,l7FuRYl_$6,seller
260,amandaturner,kathleen06@example.net,(N9JMNfPFx,seller
261,vanessahill,qroman@example.net,_9ilAKL!dw,customer
262,ibowers,spetty@example.net,z#u6ROlT#j,seller
263,zacharyjones,kevinmata@example.org,u*$X2dR_Pu,customer
264,cameron80,zacharysmith@example.net,zhS*4ZM$$),seller
265,katherinejames,phillipsedward@example.com,#0IBBUkd69,customer
266,robert22,hhartman@example.com,Zi+fF@$f*4,customer
267,arnoldkurt,jamesadams@example.org,@2@3uD^uXe,customer
268,hornepamela,carrashley@example.net,8!@BMpmI@0,customer
269,jasmineguzman,alicia65@example.org,7C1LMh_0l$,seller
270,margaret04,ashley85@example.com,zOPe0Rk^&6,customer
271,jessicabrown,akelly@example.net,tkh)6Rwezl,seller
272,brookecurry,michael31@example.net,+jsJrGhn26,seller
273,olsontravis,baileyjennifer@example.org,(73xsTd3y8,customer
274,jasonstewart,robin58@example.net,tG8u*U1s%S,customer
275,pbrown,graygerald@example.org,^s5G3gHY+V,seller
276,james62,tjohnson@example.net,R2Um)5D&)2,customer
277,john68,daniel56@example.org,Lp6FYeIhw@,customer
278,rodriguezsandra,trevor26@example.com,_h3@LZsxUH,customer
279,santosmackenzie,chadsilva@example.org,4J0@ojbgR),customer
280,petersonrachael,jennifer70@example.org,2!Ua4WohXv,seller
281,melissanelson,justin25@example.org,$oZW6*No9y,seller
282,vicki25,shahwilliam@example.com,@1bqpmnpBI,seller
283,marmstrong,michael53@example.org,XlT)bIM_!9,customer
284,michelle23,carrie31@example.com,8t9SfuLiw_,customer
285,michaelwhite,tproctor@example.org,&b1+Py1#F5,seller
286,angelabarker,rodriguezkevin@example.net,10JBbMni+3,seller
287,vgomez,igilbert@example.com,(E#o9QBeS_,seller
288,gregorygarcia,mark25@example.org,^wBhxHFiR4,customer
289,gilbertjohn,khandebra@example.net,@@W4isqs*7,seller
290,amywilson,brownterry@example.org,zYR0xu*2@4,seller
291,frose,dbarron@example.org,$PjQSbbay5,customer
292,amanda98,tina30@example.net,*&X!o7WsPH,seller
293,renee72,laura56@example.org,f56zNezl%m,seller
294,nespinoza,ujennings@example.net,_a5sDxHk2e,seller
295,dillon03,lindsay19@example.net,1%$m5WwfDY,customer
296,gileskevin,tiffanygeorge@example.net,W5Zx+o2j@k,seller
297,johnsonkaren,kennethjordan@example.com,!KW7VvdR2(,seller
298,christopheryoung,steelejames@example.com,VK*c9Go1%o,seller
299,meghan84,victoriadean@example.net,o$8VCDPvSW,customer
300,denisepreston,ericjackson@example.net,%9I4W*e3_X,customer
301,pamelawilliams,xcannon@example.net,x_o80cOywZ,customer
302,fostertammy,andersongeorge@example.com,%p15K1LgPM,seller
303,brendanmercado,xgonzalez@example.net,Y%0K%pMCw7,customer
304,gibsonangela,beniteztimothy@example.net,b3uWLR)7#t,seller
305,brianhill,amyholloway@example.com,#yC*LKk59b,seller
306,myersjuan,christopher51@example.com,_67#dK6rd*,seller
307,patricia44,richard62@example.com,So2Yf+7W$h,seller
308,pmorton,kwise@example.com,H$4sUmoKX!,customer
309,gregoryjones,unewman@example.org,p6QYCcXM%l,customer
310,hutchinsonchristopher,bruce25@example.net,#268Z_Ne4y,customer
311,devans,christopherward@example.net,^dL7lTL&B0,seller
312,tyler38,angelapeterson@example.org,SZ&kq7Pok_,seller
313,lydiamcgrath,ejohnson@example.net,_S7ETjeka!,seller
314,englishcarly,tanya55@example.org,!5RuWTQ^xl,customer
315,qrodriguez,david36@example.com,zrKHS$bN*7,seller
316,matthewyu,dennishall@example.net,))nof8Lj2l,seller
317,piercebryan,garygutierrez@example.net,1M0Gcaek%0,customer
318,dbartlett,longcaitlyn@example.com,0a)3CNKaTa,seller
319,bstephenson,jacquelineadams@example.com,3LV@Eph#+l,customer
320,baileymisty,donnajohnson@example.net,*^3#xQmyi%,seller
321,richarddean,hollowayantonio@example.net,$k9LK7zL5m,seller
322,jennifer44,vphelps@example.org,h%w3I$5V3j,seller
323,ekoch,rtaylor@example.com,$K_xaXkch1,customer
324,christinaadams,sabrinagreen@example.net,&28DPClK3X,seller
325,priceronnie,michaelrivera@example.com,&8CgzU*7yn,customer
326,sandra19,laura22@example.com,!0HyV#YvTf,seller
327,hmitchell,littlewilliam@example.com,hm2EX5oie),customer
328,nblack,kristine85@example.org,*wK*XKr7#4,customer
329,marissaescobar,rcabrera@example.com,#4R!&VX9c5,seller
330,reedjoseph,rwashington@example.com,#_0Muj7J0m,seller
331,carl72,andersonmelissa@example.org,(3IWV3Wl8S,customer
332,owhite,zmanning@example.com,Pagg4OhEF#,customer
333,noblemary,paul89@example.org,%rYOiF+k5x,seller
334,daniel40,ericellis@example.org,_1HuKqulNw,customer
335,tara93,steeletracy@example.com,$21l9)Zmd%,customer
336,johndavis,floreskatherine@example.org,!MHS1^o6(1,customer
337,ellistravis,allenvega@example.org,85736ZSr9+,seller
338,amy03,raymond35@example.net,U&4)IEfs+d,seller
339,kelseygonzales,ian83@example.org,@@5qKu^3w+,customer
340,bwest,sheila95@example.org,+S3Dissc*v,seller
341,davidflores,abrown@example.com,&N7AG1Xq%6,customer
342,dholmes,john28@example.com,q)6Ydj*B4e,customer
343,jrobles,browncaroline@example.com,45L3paAg$F,seller
344,mrobinson,andrewperkins@example.net,@@S1Eyn8Z^,seller
345,mortondavid,briangreen@example.net,DLkM^nJa*0,customer
346,walkermarissa,gjenkins@example.com,53cTTjQq&4,seller
347,burkevicki,wbarber@example.com,m9hOU9Nk^+,seller
348,mooremelinda,chelseystewart@example.com,nln3NFuv((,customer
349,kathy08,morrisonelizabeth@example.com,)938Rzj8qp,seller
350,christianmichelle,gbest@example.net,E$ZQdYlU@0,customer
351,eileen93,carlos81@example.net,TWq7Ig3a!s,seller
352,ptaylor,apierce@example.com,+aOK^jx#!6,customer
353,rbennett,shermanrichard@example.com,*D6xQnCu03,seller
354,yshah,jonathan21@example.net,e^5JEIhzv7,customer
355,savannahmartin,bennettchristopher@example.net,j)h4d4#agM,customer
356,mreese,hamiltonmelissa@example.net,j&!Uyt6tGM,seller
357,mary11,pamela91@example.net,8RXyw0b4#D,customer
358,campbelldavid,davidsontheresa@example.com,zLwUOwzo#6,seller
359,michael55,terrismith@example.com,gtY7Ndqu)K,seller
360,antonio97,justin18@example.com,#8sZ5fnBnX,seller
361,emilyclark,thompsonmary@example.org,Ct1dtoxY+2,customer
362,bushshawn,fhuynh@example.com,2+JH+xAe_9,seller
363,brookschristopher,nstrong@example.org,3oZuUG&H&8,seller
364,morenocourtney,sarabell@example.net,c+8QWGjt($,seller
365,darrenyoung,carloslowe@example.org,vD2(Zknt(@,customer
366,mcclureemily,sara28@example.net,w&Y4Ta4kaJ,customer
367,dsmall,michaelhill@example.net,4R1lLf6E+P,seller
368,brownmarie,danielcole@example.com,6yA+FClv&K,seller
369,harrisnicholas,finleyduane@example.net,^5CHvIGs#E,seller
370,tharrison,zmiller@example.com,&s5woUirQ),customer
371,trankenneth,carla70@example.net,)08GBbVrDK,customer
372,wayne63,anna21@example.com,!aK0oWig02,customer
373,robert36,brianwalsh@example.net,bU7aJNjz_d,seller
374,kristenhill,ebaker@example.com,_TnLkj%i8&,seller
375,rodriguezhailey,denniskimberly@example.net,izH&1BTh6^,seller
376,vlee,romerotodd@example.com,H$p1VuML51,seller
377,sandrarandall,holmesjohn@example.net,4*n$2Tyvzw,seller
378,michaelacevedo,julie65@example.org,*w2VwICrN2,customer
379,vallen,ellisbarbara@example.com,**@ZF(Yt8r,customer
380,john67,xmitchell@example.net,TiTJI%(9*1,seller
381,jessicawatson,waltondaniel@example.org,(E1EYk_oJ@,seller
382,danagill,whitecrystal@example.org,4i(55Yja9Q,customer
383,michelemorrison,kimberlymacias@example.net,HY4vRzXl)l,seller
384,osbornamy,jgarrison@example.net,e*U(_5Cx@f,customer
385,vsanchez,kurtsmith@example.com,^M$m4mPce(,customer
386,nicolewilliams,herreralisa@example.net,qG_b^0Mbcm,customer
387,karen36,nicole91@example.org,5uoIud&t#C,seller
388,james73,mbyrd@example.net,bPN6XBhfd@,seller
389,amanda53,kennethharris@example.net,)2I7Ker_0G,seller
390,audrey47,travis78@example.org,+mSZVQOyS4,seller
391,stephanie80,kdunlap@example.org,S3PHZezH!K,seller
392,sydneycarr,michelle70@example.net,b2d*RNFz!7,seller
393,dgriffin,suzanneponce@example.org,w)ZO1MFf!),seller
394,carly04,lopezjeffrey@example.com,^VIaJqzih1,customer
395,fordtina,bauermarie@example.net,%lN1Ezt3U@,seller
396,mcleansusan,teresawright@example.com,+HXA38OwHr,seller
397,marshalljulie,xortega@example.org,3(UI%BVy#e,seller
398,rodney49,salazarjessica@example.org,8RI9!%fT@Z,seller
399,jefferynavarro,hespinoza@example.net,@igZEzE59D,seller
400,lgonzalez,nbanks@example.com,_dQoW3kM$5,seller
401,vazquezmark,robertperry@example.com,_U8^RkYDN9,seller
402,tvalentine,piercebobby@example.org,R^6Ey_TvIl,customer
403,holly73,wbailey@example.org,3v9$6BsXZ%,seller
404,trankayla,owenskenneth@example.net,$7MJoPOq3o,seller
405,ocurtis,tammy46@example.org,#Y5GWc0(L1,seller
406,murrayjason,garcianancy@example.net,!8MB3o*i*Z,customer
407,ereynolds,sbecker@example.org,*R2*0Nb_eO,customer
408,wilkinsmichael,blankenshiperic@example.org,0&^4CV@sj@,seller
409,jason53,wmiller@example.net,G+7P31Mb!l,customer
410,ericbaldwin,ccook@example.org,0qbtUENb_v,seller
411,gavin39,singhcorey@example.com,gg)h0AaVt!,customer
412,olivia90,kmcbride@example.net,cEfmX7jwW&,customer
413,jriggs,qbentley@example.org,)6Lpy2WL^9,seller
414,lauren76,benjamin50@example.com,#%u3fZ%sjI,customer
415,kiara32,alexanderstephens@example.net,H)k_7mXbMb,customer
416,smitheddie,cathydunn@example.org,#KvxUSUa&8,seller
417,amanda40,lauren49@example.org,vn7MyMsVJ%,seller
418,johnmorrow,barnescrystal@example.org,&5C&tD!cY^,seller
419,james34,matthewsangela@example.net,9!UbH3@5(W,customer
420,fgentry,udavis@example.com,^O6JC%o_1f,customer
421,valentinemackenzie,carriesmith@example.com,U6&3Alyo)U,customer
422,imills,ramseykathryn@example.org,!_vd0TdSva,seller
423,andrewrodriguez,schwartzlinda@example.com,ZM14LYoeG+,seller
424,egallagher,edwardsabigail@example.org,74bJDr*b(G,customer
425,rebeccapayne,sharonwilson@example.net,v^c3CPri(^,customer
426,kjohnson,josephharris@example.org,B&2FDGYp0z,seller
427,yscott,willisamber@example.org,13Tv9CFyk&,seller
428,millertammy,murphycrystal@example.net,$4QGiWGlTF,customer
429,xjackson,annepierce@example.org,w(QQ1Kljas,seller
430,jenniferbrown,courtney24@example.com,CS7)c2Jj$u,seller
431,mullinshector,powellmelanie@example.com,j)4Uu2vE7%,customer
432,vbeltran,smithalexandra@example.net,Vu!$s7MX!%,seller
433,tashamartin,claytonburns@example.org,((K^n($@u6,customer
434,mdavis,davisbrandon@example.com,&Xaj7aIw*P,seller
435,jasonjohnson,goodmanrobert@example.org,ay2JDd!()F,seller
436,jameshernandez,jennifernguyen@example.org,*__5a4QorQ,customer
437,james46,loganlopez@example.net,$VrmU+ki23,seller
438,vmorgan,casey15@example.org,T3I0Q!u1@t,customer
439,bethpage,claudianovak@example.net,Gi6GUha)y%,customer
440,vgordon,deborahrhodes@example.com,*POaFLwf*3,customer
441,bwilson,johnolson@example.net,!6p!aNipU7,customer
442,taylormichael,jcurry@example.com,B4V9yyTB(1,seller
443,michael67,olivia70@example.net,w3qjHmXd#l,customer
444,debbie56,msmith@example.net,$w9NwdYma),customer
445,ihall,ashleyking@example.org,$ba9dTy!8(,seller
446,diazdennis,bullockdaniel@example.org,@IC1hhWY9o,customer
447,josephanderson,robertlindsey@example.com,j_68Q)xkr&,seller
448,jessicakennedy,caitlin70@example.com,^P5Jdlu+!n,customer
449,rachelfisher,ncompton@example.org,&6&!5D0vug,customer
450,garygardner,holly22@example.net,f4jdgtDz)O,customer
451,amiller,baileyamy@example.com,tb5HSHK^2&,seller
452,gcoleman,jessica32@example.org,Pz8FoY7dN!,customer
453,samuel71,melissa01@example.net,5)xPRWaC!2,customer
454,smithsean,johnsonsusan@example.org,M8Kpdstv#8,seller
455,laura52,denise64@example.com,6%C2#4ddnY,seller
456,hardingsarah,dschultz@example.com,t2bruWpQ#$,customer
457,zgood,kevinallen@example.net,D8W1tstv*g,customer
458,clintonthompson,murphysonia@example.net,+$rL1KkxtI,customer
459,mwatson,qgonzalez@example.org,@2ZOcLzGQN,seller
460,edwardmccoy,meghanwade@example.net,&X3fH_fc+I,seller
461,xstewart,tammystrickland@example.org,(b#rMIvR86,seller
462,angelabell,zanderson@example.com,E)4XZtmg*%,seller
463,yeseniaharris,josegoodwin@example.org,^9DxjqX5$n,customer
464,ashleystewart,donna48@example.org,fy1RqcJy(P,customer
465,brian29,james98@example.com,u3(g@V(x*n,seller
466,hbullock,wrollins@example.com,wjC7cxZ8$3,seller
467,sara93,nortontammy@example.com,(34NK8qx*z,customer
468,jessica04,trevor05@example.org,h76bQQxx%N,seller
469,benjaminwagner,josephhopkins@example.net,jC4LT7go%X,customer
470,forbescrystal,taylor24@example.org,o@q7aPItUT,customer
471,curtissonya,wzimmerman@example.net,Ik4M3Qp&*N,seller
472,sanchezkenneth,joannaprice@example.org,)%as5C@ciI,customer
473,ingramtara,stephen51@example.org,f&b7WG$vGc,customer
474,walkermichael,lovejoshua@example.org,D4^1IVoX#+,seller
475,kimberly24,brianmccarthy@example.com,O^2#KBlh#5,customer
476,john09,mary00@example.org,c$rI0Unswe,customer
477,yclayton,ortizkelly@example.org,%g1kZSzJ1e,customer
478,ashley60,matthewrhodes@example.com,CjT8EEZo)(,seller
479,ecooke,denise47@example.org,L+n7xQJn3x,customer
480,robertsonjoseph,watsondonna@example.net,r72fLnop$(,seller
481,curtispatrick,geraldjohnson@example.net,gq3I6Phwc),seller
482,michaelwarner,millerapril@example.com,*inLTLcU2h,customer
483,crystalsmith,waynejordan@example.com,)q5JHGzm#O,customer
484,jonesalec,barrerajulie@example.com,$PR!U6RugH,customer
485,gonzalezjeffrey,strongrebecca@example.org,^tnIEGlc3R,customer
486,millersteven,jpeters@example.net,+n5C#NwzUu,seller
487,haroldross,philiphernandez@example.org,@10ME+OwDA,seller
488,weissdwayne,rogerreyes@example.com,60C7mM$dN^,customer
489,josephbutler,randerson@example.org,uR(^43Qsf5,customer
490,mullinsbonnie,laurie65@example.net,2qO*35T4Y%,customer
491,herringcory,hsullivan@example.org,BD3WBnm_L!,seller
492,smithjeffrey,freemanelizabeth@example.com,6@^7LvHps#,seller
493,melissa53,kevinprice@example.net,4*F)y3HfdE,customer
494,iallen,maldonadocrystal@example.com,Z4Kw6aKv#z,customer
495,awalls,zhendricks@example.org,%Rp9Xmwe!W,customer
496,psaunders,larrykline@example.org,H*7KrtXeH(,customer
497,eortiz,davidalexander@example.net,n%0Mi&A^Xv,seller
498,sandysmith,zcoleman@example.org,6*#3G5@s*V,customer
499,mikaylapearson,leestephen@example.com,%k7LbBbtF3,customer
500,higginsmargaret,cookthomas@example.org,BPaKIIuT#0,customer
501,andrewreeves,victorrodriguez@example.org,h2CGhm3k+j,seller
502,bmolina,garrettkathy@example.com,#cJ&jaNwb6,seller
503,lmcbride,kimberlysmith@example.org,(41XmsM1@_,seller
504,fdavis,gstone@example.net,1gbvAwuR+k,customer
505,jglass,cday@example.net,0!Mx8gMO_f,customer
506,amberjenkins,thompsonconnie@example.com,m&95kJNbp#,customer
507,josephwilliams,cherylpeck@example.org,MHM7FF0z(S,seller
508,westsuzanne,reyesmonica@example.com,q*qV5apl!1,seller
509,traviscurtis,carteraustin@example.org,*rD1CNUe#&,customer
510,jill01,tforbes@example.net,^4LsG5HfDT,seller
511,brianhoward,robertpotts@example.net,@jFGbvb9I2,seller
512,randyjackson,kevinfreeman@example.org,q+1(2Pfesp,seller
513,walkersteven,rachael97@example.com,jL8TGBEr!v,customer
514,wolfthomas,cherylkeller@example.com,n(*5gPLeI+,customer
515,danieljacobs,kbrown@example.com,%3bJGAyo%v,seller
516,whitney74,taylor95@example.net,^p(2M8cpxA,customer
517,jmoon,mkelly@example.com,(kFrXDTAb9,customer
518,suttonscott,jason87@example.com,J2&Q1Jq5$c,seller
519,jayraymond,michaelrichardson@example.org,1!ds9_Rb&4,customer
520,mark81,sloanjesse@example.com,^Nm+TRfFL6,customer
521,robertcarson,fclements@example.net,)482nVhuvd,seller
522,tomhuang,ronaldwhite@example.org,^X4GBj!t0z,seller
523,robertgray,loconnor@example.com,s9qPN18Y+x,seller
524,aaronbishop,vhorton@example.net,N_wg7gSyvr,customer
525,mccallfernando,fischergloria@example.org,(vp7b5Er#P,seller
526,monica88,zsims@example.com,(OW0ZImi+r,customer
527,wherrera,bfarmer@example.org,Iv4FsS$pk_,customer
528,mvilla,rodriguezdavid@example.org,xH5TtqXr6_,customer
529,weissteresa,qhill@example.org,MG0v!0Ic6V,customer
530,sarahmiles,robersonsheila@example.net,G_A504JhE_,customer
531,villaluis,jacksonsteven@example.com,Y+W0JtGvun,seller
532,aaron90,michaelbishop@example.com,24sTa$RP$k,seller
533,lewisdiane,obullock@example.com,b$mYS3Jbp5,seller
534,justinwilliams,stephanie60@example.net,e$l_IYQx+0,customer
535,kempbenjamin,thomassharon@example.org,rXa$9Rbx+p,customer
536,bpeterson,hwolf@example.org,!09YTsKHFc,customer
537,tonya58,ricky02@example.org,+%dQ99DxGr,customer
538,uavila,amanda27@example.org,JYM9JeKq_Y,seller
539,calvin87,charles79@example.com,0KPlK%Ox&4,customer
540,droberts,donald47@example.net,6WN&9B9vHT,customer
541,timothycannon,elizabethnelson@example.org,7#I(rOqq%X,seller
542,storres,hobrien@example.net,mH0vW8$kz),customer
543,qchandler,swilson@example.com,f6UBt9Rx1$,seller
544,nserrano,simpsongeorge@example.com,)4CCICRt+X,seller
545,shawnmaddox,johnathanhudson@example.com,U_o$1DEw*(,seller
546,beth05,knightjeffrey@example.net,7WS7Aot#T&,customer
547,medinaricardo,lopezrobert@example.net,v)_q6BI66u,customer
548,byrdvincent,brittney32@example.com,+Re_2QupMt,seller
549,robert35,icole@example.org,2_2lRnrr*r,customer
550,rebecca56,jonathannunez@example.net,*luM_it^e7,seller
551,trevoredwards,katelynyu@example.net,^kNtaKv!(6,customer
552,floreslauren,william89@example.net,s#9DqL&VIB,seller
553,timothycook,jenniferwhite@example.net,*RsUon@TA1,customer
554,aviladustin,moliver@example.com,sM_!2JasKC,seller
555,vsullivan,comptonrebecca@example.net,0FDOt83v&S,seller
556,mvalentine,aliciareid@example.com,g5W&5GrxQx,seller
557,francismike,amy96@example.org,5(2^djOy*L,seller
558,amanda20,pnavarro@example.com,5LU97Kik)h,seller
559,tblack,jamespatton@example.com,*XXL*Vzy5c,seller
560,lisagomez,robinsonsharon@example.net,@3k9ONf8bn,seller
561,cisnerosbrendan,john42@example.com,*8oHe)eu17,seller
562,katiedavidson,nicholasshah@example.org,+K1IY!zIK8,seller
563,matthewcampbell,jonathan90@example.org,D7KGPwO4@7,seller
564,jking,edwardsangela@example.org,t+3zgT!vGI,customer
565,michelle04,meganrowland@example.com,)cUyavs_h3,customer
566,lbrown,simpsonbrandon@example.net,em1#D2wk_L,seller
567,samantha02,mcconnellbrian@example.net,)nDdi$tA8&,customer
568,christopher37,wharris@example.com,^ih%DJJA@4,customer
569,ofrank,uwest@example.org,@i^8B5VwH!,seller
570,kford,henryjason@example.com,+1G1CAt*cE,seller
571,geoffrey41,paigestrickland@example.org,aw3SARwg&3,customer
572,kellibaker,brichardson@example.net,hT4$3Ha5^G,customer
573,edwardgordon,jessicaruiz@example.org,ssKh&i2d&0,customer
574,brianschroeder,hannah21@example.org,*6UokM@tVv,seller
575,sallen,rhonda04@example.org,2+3wGPs&ry,customer
576,wdyer,rowlandsteven@example.com,+2kPIsdrzQ,customer
577,elandry,wendy21@example.org,((8VZPMl3n,customer
578,stephaniegarcia,ramirezdanielle@example.net,Cle7BWzr_q,customer
579,myersdaniel,uweaver@example.org,LNc0v4IkQ@,seller
580,david58,brandy78@example.org,T0^POjD1%t,seller
581,chelseasmith,murilloeric@example.org,9)gB8NRd1p,customer
582,bhinton,nicholasmeyers@example.org,M8sP_)QP&t,customer
583,williamrobinson,albertwalters@example.com,)j10rCY_8(,seller
584,pauljones,roger10@example.org,lw31VD5&!*,customer
585,thomasdaniel,smcgee@example.com,#YK8R%h7)!,customer
586,stephanie71,patricia53@example.org,A@9B_fLF#p,customer
587,adamsjacob,robertroy@example.org,P1zdWM1v#n,seller
588,chavezashley,erik07@example.org,$amIJ#Wog8,seller
589,uthomas,cperry@example.com,g5D_dGC@%c,customer
590,evansperry,danielli@example.com,(24eQuMB1L,seller
591,amberaguirre,sara62@example.net,+8QJ_dwtLf,customer
592,mfernandez,kevin40@example.net,*1nN6Ibq65,seller
593,meagan81,daughertychristine@example.net,z3SNX(QY*z,seller
594,mprice,jennifer75@example.com,*!9VqKc2nh,customer
595,ifreeman,brightjohn@example.org,&dN81op$^0,seller
596,aowens,edwardsbecky@example.com,e_&1#W$ohA,seller
597,michael76,kathryn68@example.org,#%Ri0oyy4c,seller
598,rickyarias,zconrad@example.com,Sf)8HKNo2_,seller
599,katiethompson,sherri74@example.net,%F*Q1mty8%,seller
600,dmarquez,smithkimberly@example.net,&3TGPluW)#,customer
601,jeffreycarroll,charleshowell@example.org,#_2XzD)oME,seller
602,patricia33,robertchang@example.com,*eBCdjCf+9,seller
603,nathan42,charlesjones@example.org,c_q3Dch@jV,seller
604,davisthomas,sabrinaberry@example.com,GL8UrN@J$L,seller
605,rodriguezdouglas,stevenyoung@example.org,C4Cm3lx^$j,customer
606,smithjoseph,hmartin@example.org,+CBYy3uyJ3,customer
607,jill15,jamestimothy@example.net,N1MviJln#M,seller
608,michaelwilliams,samanthabartlett@example.org,O7%iWVDo@Y,seller
609,stacy22,whitebenjamin@example.com,4Y9(*5Uh)X,seller
610,lindawilson,adavis@example.org,&@dUFiv+o8,customer
611,jamestaylor,rangelcraig@example.net,*x4FKbt&8z,customer
612,james30,stephensonelizabeth@example.org,$hOGP9hm)0,seller
613,emilygonzalez,randy78@example.com,(uCf@gxm02,seller
614,anthonytiffany,amcpherson@example.net,)t5oGqJwjZ,seller
615,vargassarah,tsolomon@example.net,#ell0WopiN,customer
616,lwilliams,qmckay@example.net,D&O1dNTyhU,seller
617,margaret37,micheal90@example.com,%oGZQeyz8#,customer
618,colliermichael,thomas79@example.net,45H288e0_2,customer
619,jason94,kayla10@example.com,$pOynO4vO7,customer
620,sandra84,matthew37@example.org,t+5MP52d*k,customer
621,pwilliams,sharonmorgan@example.net,(KT94Ck0*k,seller
622,jacksonzachary,erichicks@example.com,h^5GaFlKm6,customer
623,calebgrant,hilltammy@example.net,0dYK3NAy1!,customer
624,margaretmoore,sandycastro@example.com,*&z9aWViAz,customer
625,robertparker,zcruz@example.com,yvYh!6Jk7%,customer
626,juanruiz,graceperez@example.com,+D%1CYFwZu,customer
627,ithompson,antonio36@example.com,n40BD3wg(r,seller
628,jturner,jamesmay@example.com,Q!U$5EmfMZ,customer
629,jessica81,cynthiaknapp@example.net,bH9RGoo^3$,customer
630,whitneygarcia,david16@example.net,*^74RozUvM,customer
631,walkererin,jesseroth@example.net,#dvJf@P3e5,seller
632,huertaashley,zachary83@example.net,!CJ5)Egza_,customer
633,joanne31,kristi90@example.net,^@*(9HZpTr,seller
634,william24,meganlambert@example.org,RC5RB^Je5#,customer
635,amanda00,moorejennifer@example.net,MDB64GdBh!,customer
636,mcdonaldmadison,sandra86@example.net,j74LbySC(_,seller
637,jbond,pallen@example.com,U3tiGvic*(,seller
638,goodwinpamela,nancy68@example.com,^I4Q$OKcGk,customer
639,davidrivera,ywilliams@example.org,&@b7mP(bdP,customer
640,thompsondavid,robert13@example.net,(3CuzqMzU4,seller
641,maurice50,hward@example.org,*%^9ZvYY)g,customer
642,treid,tracyhill@example.org,Tg%1y@Vv&E,seller
643,tsmith,john01@example.org,%vArF%^)_1,customer
644,loganedward,andreharris@example.org,^71oIhNH3Y,customer
645,kingamy,lopeznicholas@example.com,idn)54Hg7(,seller
646,georgeallen,john27@example.com,F0s&SQ#o@8,seller
647,kennethjacobson,xnelson@example.com,+N%i1(c0$0,seller
648,ncole,rodriguezryan@example.org,_iCqz+FAG2,seller
649,logantommy,randall00@example.net,b(D0YDnNX+,seller
650,ylewis,qperkins@example.org,lky14Yup_9,seller
651,dunnscott,smithtaylor@example.net,C7gaTiRQ^k,customer
652,jaredsims,ihaynes@example.net,^aO9JoIE7_,seller
653,murraythomas,chengregory@example.net,@9%oGwc($g,customer
654,vward,ashley64@example.org,j1^Ba5Hz5b,seller
655,brandonvargas,ofriedman@example.net,zjN5MnKe%x,customer
656,ybrown,erikarivera@example.net,sZ2VMZve%0,seller
657,zacharymcdonald,daniel60@example.com,)+Y6g(*k29,customer
658,cheryljohnson,mcclurerobert@example.net,rmz^8JhjKI,customer
659,andreaflowers,wroberts@example.com,!@Zn4dOdCn,customer
660,gthompson,diana41@example.com,9!7hCAlO(b,customer
661,lortega,jillianpowell@example.org,WC(8Oeu3ms,seller
662,alexandra20,ikent@example.net,g2m@73XS%q,seller
663,mdelgado,mercersarah@example.net,^J3R6wolsb,seller
664,jbeck,grogers@example.net,r*4IEn9dmy,seller
665,marcusnovak,rbush@example.org,#z!VLXmz%5,seller
666,randall36,markgordon@example.com,_gu4mwIfHc,customer
667,randolphpaul,laurenallen@example.com,ru_2T5Ps%H,customer
668,charlespatterson,michelle25@example.com,_K7S5)Fw9Z,seller
669,khaas,mccartyrita@example.net,_01xIp)!8b,seller
670,woodardadam,juliejones@example.org,!se6Bcn)BC,seller
671,teresa18,nsimpson@example.net,OH73^Vsi$5,seller
672,csalazar,brownnicholas@example.net,M23GebTV#d,seller
673,lisa03,aerickson@example.org,vr0+KP)Vo^,customer
674,evanbass,bakerjohn@example.com,J)(7PYSmI1,seller
675,diana70,zjenkins@example.com,y+4XJ2iRt),customer
676,rachel17,xpatterson@example.com,knt59Kj1&U,customer
677,webbseth,markjones@example.com,p13FxWcUI!,customer
678,allisonmartinez,vchapman@example.org,*G1wsmOuFc,customer
679,rogersmatthew,crystalsmith@example.com,dNdZdxdB!4,seller
680,jburnett,mariahsnyder@example.org,_06FiotRE6,customer
681,fdavis,eroberts@example.com,NW$1+MoCKM,seller
682,ggriffin,brandonwatkins@example.net,#8apJ7t6_i,seller
683,tmoore,chavezchristopher@example.org,luC66JUAn#,seller
684,lacosta,boydsherri@example.org,8&5VbBkw23,seller
685,qfigueroa,angelawilcox@example.net,3!jv#)Pfo8,customer
686,melissalynch,istone@example.org,&P6(CHq&@F,seller
687,thomascindy,jmitchell@example.org,6)35+FhsWS,customer
688,merrittdavid,stephenmurphy@example.org,&I4DJMVeU*,customer
689,paularobles,youngchristopher@example.com,67kLDyGh%q,customer
690,eandrade,clarkdavid@example.net,^6iUYw6aUj,customer
691,vnorman,josephdavis@example.org,riL1VUCwa+,seller
692,ohuynh,rgilbert@example.net,@o23Qx29Nd,customer
693,regina16,stephen62@example.com,8)7vIN2q)l,customer
694,patrick14,lutznancy@example.org,iQIM!mYw*3,seller
695,cherylpeterson,douglasmalone@example.com,@1%N4QuWeA,customer
696,karenwarren,samanthahiggins@example.com,kG4N8dnH+(,seller
697,nathaniel16,cjohnson@example.com,2TPD2G(eL+,customer
698,rbauer,whiteheadadam@example.net,I(0UL6MD$b,customer
699,benjaminthompson,kochrichard@example.net,^$oa9LueKm,seller
700,umorgan,timothy97@example.net,PjAvWAGz*6,customer
701,calvin24,nicole54@example.com,@08Qu^Cs%1,seller
702,mark15,xowens@example.net,pU0pBli$#L,customer
703,ralphjames,dward@example.net,$4SAk#Pmfl,customer
704,wmarsh,hmata@example.net,4+KoOOgq$T,customer
705,martinezmary,ylewis@example.com,Oh269+ELH%,customer
706,hubbardtina,simonmichelle@example.net,2GGBlG&v!z,seller
707,lsanders,matthewharrison@example.net,U8Va4&F%*y,seller
708,latashasims,melaniehill@example.com,t2^OP4vt@C,customer
709,lopezjoseph,knightamber@example.com,@_860b*q%X,seller
710,thomasleon,hcabrera@example.com,%X5Ob^1ot&,customer
711,spatterson,markriley@example.net,X7D6KxNL)j,seller
712,fowlerdavid,cclark@example.com,6wV+qqqe+i,customer
713,chavezchristina,jose35@example.net,Nm()4IxWB),customer
714,sanchezrandy,monicamay@example.com,Z9VlDZ*g@b,seller
715,stevenromero,xwoods@example.org,c4sWTInP_u,customer
716,qmoran,lwatkins@example.com,2xHI3Mgw@k,customer
717,stephaniedavidson,fpeterson@example.com,3Wwq39Ie$I,customer
718,kelleymichael,sarah12@example.org,B$9UCgzA0z,customer
719,kanepaula,chuffman@example.com,456SWLShb%,seller
720,huntjulie,carla26@example.org,Q(4eiOKbO8,seller
721,gilbertkaren,richardsandoval@example.org,)6D&Cri72x,customer
722,cpalmer,victor99@example.org,a@38FnJ8Ud,seller
723,danieldickerson,christophercochran@example.org,7avBFVzy*m,seller
724,wrobertson,paul57@example.com,)lu4EwR+ar,customer
725,thomasconley,michaelmercado@example.com,NcBipnG&@7,seller
726,csmith,igriffin@example.net,^LQJ#yIm42,customer
727,david13,gina92@example.com,%p9Tb@Q1(4,customer
728,hortonjuan,timothy14@example.com,$@Yb#z_j)0,seller
729,mccannlaura,ywilliams@example.net,G+72AapzVi,customer
730,hdelgado,melissa96@example.com,nc6QZIQEH%,customer
731,erickelly,cynthia88@example.org,*XHo4XdTZ5,customer
732,smithbrian,kevinsmith@example.org,^fVX$coK0j,seller
733,leahbailey,alec55@example.org,_5Ce9CP&sP,seller
734,vthompson,sfinley@example.net,tzV5E6Og5(,seller
735,harveymelissa,sandovalemma@example.com,*uEqJFuR#7,customer
736,aruiz,kayla29@example.com,%2I+&VwKkd,seller
737,tammy15,hfrank@example.com,5Z^+AgJe*v,customer
738,usparks,kjones@example.net,EX1BL2Vtd(,seller
739,aharris,nicole91@example.org,%zw(Ffik06,customer
740,tcastro,mbryant@example.org,!*z1Zet+xR,customer
741,jmoody,colin31@example.net,7@7DY3^d8q,customer
742,cynthia86,tedwards@example.org,$PaP$QPa#2,seller
743,ufrazier,dray@example.org,%j4HVmNe18,customer
744,kristina16,dennistracy@example.net,*8Vy8ME2er,customer
745,fosterchristopher,gjames@example.com,^8azLfRE!d,seller
746,jerryjohnson,arthurshelton@example.org,(0zVJSKjlh,seller
747,efarrell,nancy49@example.org,Ahu5rOAyb#,customer
748,geraldmelendez,karla50@example.com,Hm)9XEpqku,seller
749,hayesdenise,david49@example.net,X+7lZdfi(6,customer
750,iromero,stewartmatthew@example.com,p!Qi8QA$ip,customer
751,probles,tina40@example.org,(HiMDb987v,customer
752,mark63,pamela09@example.com,+fWfI1avj5,customer
753,michael45,samantha89@example.org,wir6sPbsL*,seller
754,ebush,umyers@example.net,N2rqHe6Y)6,seller
755,james28,williamssteven@example.org,ZB9H!!^d##,customer
756,christopher16,richard85@example.org,*H4yCqh$oV,customer
757,garciaelizabeth,adamjackson@example.net,@J#2Xc00P@,seller
758,rachel63,bensondebra@example.net,T5VEDzjj+P,customer
759,fanderson,tarareyes@example.com,AZnkmtTb(3,customer
760,dwilliams,cliffordmartinez@example.org,18VCnpbU&x,customer
761,tclarke,michellesutton@example.net,#@y9k$NvAV,seller
762,andersonalicia,hodgerodney@example.org,g*I)76UiXq,customer
763,fowens,amandapeters@example.net,(y#!t1HYj4,seller
764,zblair,jacksontravis@example.com,IH3T2Hph+B,customer
765,alexandracastaneda,lanetrevor@example.net,)A%4IzoxU_,customer
766,ryan06,timothylamb@example.com,7^5mfHqjt+,seller
767,robinmanning,chelseaking@example.com,(4!pBRf#aE,customer
768,brownjesus,paulnicholson@example.com,z9h3oRWjm&,customer
769,jill57,martinezkimberly@example.com,a@po4#XlYN,customer
770,wagneralexander,amberhoover@example.net,0%RSw5dmIS,seller
771,bdiaz,deckerjeffrey@example.net,v05nDNqf)i,seller
772,pperez,franklincurtis@example.net,0&2O!Qupkz,seller
773,david85,steven36@example.com,_6ALjt#@D2,seller
774,mercadoerin,grodriguez@example.com,)6@HBR2f75,seller
775,michellewilliams,amandavelazquez@example.org,p%jG1ZdhY6,customer
776,lisamills,smiller@example.com,Fv2Tunzh$K,customer
777,tanya24,dlogan@example.org,@W8g$Ik2Cv,customer
778,davischristopher,tschultz@example.com,GXX9ClCE^&,seller
779,wolfcolin,joseph33@example.net,^d6HC!S6S(,customer
780,christinerodriguez,slopez@example.net,gNh0Gb5z!I,customer
781,sallynguyen,nicholas93@example.com,_S_5GCpcC(,seller
782,maureen52,wanda92@example.org,5FOm5sM++@,seller
783,mramsey,dyervanessa@example.org,PAV0^^nrt#,seller
784,dianafrank,patricia38@example.net,R9ZM36ul%7,seller
785,claytonbobby,proberts@example.com,Ob1K%TWd)7,customer
786,johnstonmonica,ericamelton@example.org,y#fRPs5eMG,seller
787,markmoore,cranemaria@example.com,ZI!(6HgU3P,customer
788,agutierrez,valeriebeltran@example.com,^4^M6IfdMI,customer
789,tmccoy,chadcampbell@example.com,lTl2aZw#*V,seller
790,kwaters,jdillon@example.net,)TPM1ZEp!y,seller
791,linda61,brightwilliam@example.org,^3eRtqkg8h,seller
792,garciaevelyn,fsmith@example.com,7)92JX7m^6,seller
793,nicole37,mcculloughchristopher@example.com,3XwT*G*p$P,seller
794,schurch,andersonbrandon@example.org,1z_%OLJw+d,customer
795,brianross,toddlisa@example.net,F1+N*cfR(Q,customer
796,kimberlydavis,paynemelissa@example.org,K$0@LajkNB,seller
797,blacksabrina,rodney04@example.com,(qEBkxc#9m,seller
798,jessicafoster,ycarpenter@example.org,F$8Gn2sYmT,customer
799,megan12,crodriguez@example.org,Z!)00U8uqc,customer
800,harold82,mackenzienixon@example.org,*NCuMFgIk3,customer
801,garrettelizabeth,ogreen@example.net,EwNH8RBag^,customer
802,robert05,ericwilliams@example.org,!GD7$VGiA3,seller
803,eric66,osmith@example.com,3!A2HNmg^Q,seller
804,ryandillon,chloe75@example.net,N+2cXngi)G,customer
805,joshua56,walterssonya@example.com,#2KYBj#C^V,customer
806,chadsimmons,amber29@example.net,5qtVuvEt)9,customer
807,oanderson,christophercopeland@example.org,3nSu2sog)V,customer
808,ryanwest,flewis@example.net,!3hV%uhVf(,seller
809,elizabeth79,popelauren@example.org,_uCLp*mE+2,seller
810,grosssara,scottflores@example.com,$bJD^zmk6!,customer
811,danielmccarthy,alexander90@example.net,A98V3crup$,seller
812,jason34,michael43@example.org,^Yc6RqmKjk,customer
813,moodytara,vromero@example.org,2efB5&ps+J,customer
814,gestrada,xlarson@example.net,)9ig+lHq4P,customer
815,anthonybrady,kwhite@example.com,LENJ2ti6@4,seller
816,john26,lacey90@example.org,&5nMB)2wak,seller
817,vking,aimeelong@example.net,Ap4VoIWj^&,seller
818,gillespiephilip,michael37@example.com,nK2ME&FvI_,seller
819,jsutton,lindazuniga@example.net,5$U#Jflw*L,seller
820,bmassey,morganjenny@example.com,@&6_ZQp%L7,seller
821,cruzmark,orrbruce@example.net,Dkgs1qhP%4,customer
822,coreyfuentes,jacqueline74@example.net,(P2WHD+np9,customer
823,michaelmorris,patrick57@example.net,dQHi@E!G#5,customer
824,courtney57,sguerrero@example.net,8iDSwTg8*9,customer
825,keithcrawford,cwilson@example.com,y)s4W(xSYF,seller
826,gallegosbrian,fguerrero@example.com,OW&mk9Oynp,customer
827,walvarado,briana54@example.com,&KggDEXs3a,customer
828,christophermorgan,webstertodd@example.com,&yfKGDft)9,customer
829,benjamin82,otorres@example.net,NJ1I7Mkq__,customer
830,walterbrandon,smithkenneth@example.net,g2TJr#3H@j,customer
831,deborahhoffman,brandi60@example.org,K_jt5GmN9O,customer
832,alexis19,lmeyers@example.com,y#1XwOPhSI,customer
833,johnsonkara,csingh@example.com,Y5UPUv@p+y,seller
834,kelleyalvin,christophermoore@example.com,p%7cVnRAj^,customer
835,fjones,smithamber@example.com,5rk#JPfU^J,seller
836,meganwilliams,glenda11@example.org,&zhQk(kI0r,customer
837,cherylcarlson,kimberly71@example.com,#Jy0M7Ijer,seller
838,christinepalmer,heather97@example.net,11oI9as1^6,customer
839,sparksrandy,zgonzales@example.com,t!9xwlJrq%,customer
840,xfisher,campbellricardo@example.net,$YtdI22$3f,customer
841,stricklandheather,blairandrea@example.com,p4LSJUCs&w,customer
842,jason16,mjohnson@example.org,#xx0A1XbF0,customer
843,egutierrez,robertsharold@example.org,!KK8h0Tr#N,customer
844,nicolewilliams,aaronrios@example.net,$wGDFvZOX0,customer
845,ccraig,ksutton@example.org,JNW6@R4l9&,customer
846,sarahdickson,johnsonjennifer@example.com,H9%%YO6s%t,customer
847,james13,nancymiller@example.org,3%4K*Rj+#M,customer
848,cheryljones,stanleyhall@example.net,A2ibOVwQ^s,seller
849,cjohns,nmercado@example.org,&8G1XOiTYE,seller
850,floydjames,thomaskara@example.org,%c26sPp5rV,seller
851,cooperjeffery,ojackson@example.net,Y9DU^Lfc_X,customer
852,wigginssarah,brownjessica@example.net,ID8DNp+pj_,customer
853,kathrynmiller,michelletorres@example.com,!(6N(cbWLx,customer
854,holly25,qsanders@example.org,!aqGNEf#n4,customer
855,james34,richardturner@example.org,t3Bq&Nf9+b,seller
856,grodriguez,annettewhite@example.net,aOi4^BnA4$,seller
857,davidhart,brent80@example.org,g+%6uTzn_!,seller
858,bennettmark,urodriguez@example.net,C)T3$TKraJ,seller
859,jorge55,lisa23@example.net,@7iwUjUk5M,seller
860,billy83,carpentertiffany@example.com,j)2V0HjrBT,seller
861,ushaw,jblack@example.org,v$0GNTSl1H,seller
862,mitchelladam,josephbilly@example.org,F*K1NqlO(7,customer
863,andre69,glennpatrick@example.net,zy+5*EeoqD,customer
864,csteele,bakermarc@example.org,*f1J0Wba!3,customer
865,nancy95,henry19@example.net,7*7(OFmvrc,customer
866,kenneth90,yharrison@example.org,!3S#6cfgad,seller
867,charlescampbell,charles61@example.org,%0CSgNGr3%,customer
868,jason59,sharon00@example.net,RK7OaEjgF@,customer
869,jamesjames,asmith@example.org,%2g&yRjz&$,customer
870,xsmith,shull@example.com,J4qAh2Cd^r,customer
871,davidbrown,jenna28@example.net,)0D8xo@*Pm,customer
872,olsonkatherine,watkinskenneth@example.net,)48Ly(hz+k,customer
873,jcooley,devinwoods@example.com,3_fi73ea(Z,seller
874,david58,aguirrenatasha@example.com,y4+YwqO*&G,customer
875,emay,kgeorge@example.com,Dg!Ijocf+1,seller
876,christina58,emma35@example.net,NiaqsHs()9,seller
877,cpatton,fharrington@example.org,$)9C)6Sham,customer
878,andrewgibson,morrisonvictoria@example.org,Ps4zAm$s%1,customer
879,castillotony,noblejacqueline@example.org,*)7Ybo)sq9,seller
880,campbellamy,daltonmurphy@example.net,N$3^D!kvg&,customer
881,brandonbaldwin,heather26@example.org,HrU^5uFfRw,seller
882,samuel58,gailsanchez@example.net,r64&L9^J@u,customer
883,christopher30,johnsonjulie@example.com,@HGDkreqt5,seller
884,collinsomar,davidjenkins@example.net,lFW0RAgS(H,seller
885,hhanson,qlawrence@example.com,7X6vTghS@^,seller
886,juliaking,justin65@example.org,#s3OAu_akK,seller
887,jesse70,matthewgraham@example.org,Ed5Q@Mmf^N,customer
888,stanleymichael,derek18@example.net,4_(5kG+sBn,seller
889,hernandezrachel,braunrebecca@example.org,VKN+gFv9@7,seller
890,adrienneharris,richard06@example.com,k20e4YMw%q,seller
891,patrickchaney,acampbell@example.net,@1RQd+aiyL,customer
892,sburke,joshuareid@example.com,+MEotwV_X9,customer
893,jill82,cwyatt@example.com,rp6LOP*gs&,seller
894,moranandrea,vargasandrew@example.net,Q@1YjJrx#i,customer
895,christy11,rodney07@example.org,u92_vBl+w),customer
896,milesleon,matthewmurphy@example.net,wEPwy2Dpi_,customer
897,ifarmer,diane39@example.net,)(UguKadP7,seller
898,johnallen,jeffrey35@example.net,qY&6KrTk*8,seller
899,richardswhitney,rachel66@example.org,4oUX9sAl(1,seller
900,vjenkins,gonzalezwayne@example.com,1RPhLfvf&3,seller
901,sherifoster,brent05@example.net,!bu17P5bJ3,customer
902,wscott,david45@example.net,!cWPESQfL4,customer
903,valerie91,henry17@example.org,^^2pElqnE4,customer
904,jennifersalas,melaniehurst@example.net,17Totkz*(V,customer
905,zjames,ssanchez@example.com,(b1FWp5MK8,customer
906,frazieralexandra,littleanthony@example.org,w66jBZng!8,seller
907,deannicole,dorothyleon@example.org,G12&Ut^Zm&,seller
908,hhill,uorr@example.net,ip_3TDTlmV,customer
909,shawdouglas,thomasjohn@example.org,LMBDRpmQ^0,seller
910,ramirezmatthew,shawcatherine@example.net,Fm_9F0lf_p,customer
911,marthamarsh,rebeccaevans@example.net,!%T4pQk(vz,seller
912,oburke,jeffreybrown@example.org,%b4wWj+6Ri,seller
913,strongrodney,margaret13@example.net,kzmSy_fv%6,customer
914,edavis,prestonjames@example.net,*78WDEqb(_,customer
915,lsmith,virginiamclean@example.org,9S8zLdUz*v,seller
916,michael39,sullivandiana@example.com,E@H1Ea1o2Y,seller
917,michelle93,davisjulie@example.com,P_IqQCyx!1,seller
918,santoskyle,hayley61@example.net,4*5GvcPy!C,seller
919,beth51,madison73@example.com,%wL8XLls5W,customer
920,jenny84,keithhoffman@example.com,(+^18zMpjp,seller
921,bradleyalexander,esoto@example.com,_NqCVIz08o,seller
922,ymckinney,andrew75@example.com,*r9D1PNtYD,customer
923,mary09,duartesheri@example.com,0ryjC4Kw#c,customer
924,jasonlynch,sherrytorres@example.com,x5jTw4WJ^F,customer
925,wagnerheather,william97@example.net,RCR@9C3ebn,customer
926,alexis58,kevin16@example.org,l32MOAj3&5,customer
927,drobinson,robertcarr@example.org,@cn5Zbo4%m,seller
928,zvaughn,elliottmichael@example.org,vM*9uTo!*_,customer
929,aroberts,destinygray@example.com,M+8JELlH6$,customer
930,smithjessica,linda62@example.org,S$7HXzSVFv,seller
931,munozkimberly,mackcasey@example.net,&TavyjUs#4,seller
932,davidrobbins,kristi61@example.com,q+)5XqZmz8,seller
933,craig62,ccabrera@example.org,OJ8PY2_sD+,seller
934,leslie46,bsherman@example.org,xJ0YeUPbL(,seller
935,mjohnson,ndavenport@example.org,aaK^1Okb)O,customer
936,aaronrios,carterdavid@example.net,d_4d9Ezg!(,seller
937,kyle46,andrewsheather@example.com,cd^QfFBR%8,seller
938,harpercolleen,ureynolds@example.net,UpbQ8Jmx%8,seller
939,joshua39,frysheila@example.com,@n2Tav^lG$,seller
940,ypierce,doylejoanna@example.com,#%N4+2Xg^1,customer
941,gallagherjames,wgreen@example.net,+A*4dHoc&(,customer
942,ronald74,stewarterin@example.net,_ot0IYNiS(,seller
943,allenshannon,sflores@example.net,LLf6lPDo(L,customer
944,yanderson,leahwilson@example.net,s3uFWo7c@j,seller
945,elizabethmontes,julie83@example.com,0oG94FB$p^,customer
946,wheelermark,rwilcox@example.com,(4Aiqnoa9I,seller
947,willistaylor,nmartinez@example.com,aS28IiuZ$5,seller
948,kberg,yrobinson@example.net,@NFox06K(2,seller
949,karen62,ashley40@example.net,46P*6xWqz%,seller
950,john63,amorrison@example.com,5a33TVa_)!,seller
951,dwilliams,qhaas@example.com,tr9JX9DkH(,seller
952,vanessareyes,nmartin@example.org,&GMScsMg78,customer
953,patriciarobinson,cmoreno@example.net,n#8qWJKk#t,seller
954,kenneth28,johnsondeborah@example.org,08yLGH1c&i,customer
955,pinedadavid,steven78@example.org,_v5Nteox05,seller
956,cherylhudson,whitetiffany@example.com,9@R6WyhA+H,seller
957,heatherromero,erikasanders@example.com,_5xaMjLpzt,seller
958,lacey95,oschmidt@example.net,DTvJ5l*6^3,seller
959,johnsonlisa,qbanks@example.net,S9m0H$fL$S,seller
960,pearsonleslie,kevin48@example.com,!2u0iVzWvA,customer
961,heathertaylor,kayla46@example.org,_uMGAJHpj3,customer
962,jose66,james64@example.com,@R9RDuK+c^,customer
963,brendaterry,toddbishop@example.net,Xq9IYNlz)h,seller
964,griffinjuan,laurabrown@example.org,Fn31DRdEc$,seller
965,ydavis,mary16@example.com,i8k2XJNx&U,customer
966,cynthia32,christophernelson@example.net,M#C8uLd!!^,customer
967,manuel89,rodriguezkevin@example.net,t#3TzM9yhW,customer
968,andrewsmelinda,aharris@example.com,(TJch&ylJ1,customer
969,kristen31,estradavictor@example.net,IU2sEPxI@F,customer
970,lwarren,brooke10@example.org,M$%55HYWxl,customer
971,garrettmelissa,sara83@example.org,6Hup18cwr(,seller
972,bhaas,lisa24@example.com,Tx2ioA3p%2,seller
973,meaganbell,danielsalas@example.net,+^V7CrZN!i,customer
974,kvaughn,jbrooks@example.com,i_*00oCe*N,customer
975,olsonlindsey,wilsoncurtis@example.net,sj9EbvYf5$,customer
976,williamwilliams,pwalker@example.org,N1EK5gGsh*,seller
977,saravelasquez,hnguyen@example.com,R)8GmOEi$I,seller
978,frederickweiss,ohartman@example.net,#uxI5Igk91,customer
979,scott77,qthompson@example.org,)yAB+77qy8,customer
980,sara72,michael58@example.com,a(3jADcXxv,customer
981,davisjames,kristenberry@example.com,$M7X4H_lc2,customer
982,michellecarney,twatts@example.org,Oq8Wpa3n)&,customer
983,ryan01,smithsummer@example.net,@sNhitPW+5,customer
984,yhorton,michellewhite@example.net,sA6oBU4z*1,seller
985,brittanyrangel,michael18@example.org,(9a*Azlz%5,seller
986,andrew86,lisadouglas@example.org,C5N@Ghlo@t,seller
987,leonardrandy,denise81@example.net,6ZPv5o4V!3,customer
988,andrewriddle,pthomas@example.org,(bhZVVqb$5,customer
989,andersenvictoria,nichole07@example.net,K2C2gPrj*_,customer
990,blairdawn,fernandezmaria@example.org,*8OxLGTrkn,customer
991,davisjohn,mackenzie29@example.org,&)Z+0MspFU,seller
992,james78,nortonbradley@example.net,&HAi*6z2c9,seller
993,pfrench,smithmichael@example.net,y8^HuyOr#M,customer
994,qbanks,taylordelacruz@example.org,Z7SYemZl&o,seller
995,williamskendra,ghunt@example.com,n7O6*vZx*e,seller
996,robersonanna,jamesjackson@example.net,_c#8Yb0hGW,seller
997,margaret65,ochoarichard@example.net,@6_I0M7qm9,customer
998,leefoster,ibennett@example.com,_Za1RqU!Ke,customer
999,lukeschneider,campbelljames@example.org,^@ZAoRL7B5,seller
